dt,temp,humidity,wind_speed,rain_1h,snow_1h
1609459200,3.69,100,2.1,0,0
1609462800,3.75,93,2.1,0,0
1609466400,3.15,100,1,0,0
1609470000,2.76,100,1,0,0
1609473600,2.83,100,0.5,0,0
1609477200,2.88,100,1,0,0
1609480800,2.48,100,2.1,1.5,0
1609484400,2.56,93,2.1,0.5,0
1609488000,2.46,100,2.1,0,0
1609491600,3.11,100,1.5,0,0
1609495200,4.83,93,1.5,0,0
1609498800,5.87,81,3.1,0,0
1609502400,6.11,75,4.6,0,0
1609506000,7.19,70,5.1,0,0
1609509600,6.41,87,4.6,0.19,0
1609513200,6.13,70,2.6,0,0
1609516800,4.81,81,1.5,0,0
1609520400,3.2,86,4.1,0.5,0
1609524000,2.78,86,2.1,0.5,0
1609527600,2.88,86,0.53,0,0
1609531200,1.85,93,1.5,0,0
1609534800,1.35,93,1,0,0
1609538400,1.13,93,1.5,0,0
1609542000,1.16,93,1,0,0
1609545600,0.78,93,2.6,0,0
1609549200,0.84,93,1.5,0,0
1609552800,0.88,93,1,0,0
1609556400,0.83,100,0.5,0,0
1609560000,1.6,93,1.5,0,0
1609563600,1.22,100,1.5,0,0
1609567200,1.53,93,2.1,0,0
1609570800,1.61,93,3.6,0,0
1609574400,0.54,100,4.1,0,0
1609578000,-0.24,90,5.1,0,0
1609581600,-0.5,90,2.1,0,0
1609585200,-0.35,76,4.1,0,0
1609588800,-0.69,76,3.1,0,0
1609592400,-0.67,76,4.1,0,0
1609596000,-0.7,72,3.6,0,0
1609599600,-0.34,80,2.6,0,0
1609603200,-0.31,80,2.6,0,0
1609606800,-0.99,80,2.6,0,0
1609610400,-1.09,80,2.1,0,0
1609614000,-1.39,82,1,0,0
1609617600,-1.46,87,3.1,0,0
1609621200,-1.55,87,2.1,0,0
1609624800,-1.46,87,1.5,0,0
1609628400,-1.63,86,1,0,0
1609632000,-2.72,92,1,0,0
1609635600,-2.59,92,2.6,0,0
1609639200,-2.28,92,3.1,0,0
1609642800,-1.66,80,2.1,0,0
1609646400,-1.96,92,1,0,0
1609650000,-1.5,86,1.5,0,0
1609653600,-2.27,86,0.5,0,0
1609657200,-2.85,92,1.5,0,0
1609660800,-2.58,92,1.5,0,0
1609664400,0.64,74,2.6,0,0
1609668000,2.4,64,2.6,0,0
1609671600,4.27,60,1.5,0,0
1609675200,5.55,52,1,0,0
1609678800,6.18,45,1.5,0,0
1609682400,6.12,52,1.5,0,0
1609686000,5.25,88,2.6,0,0
1609689600,4.96,75,1.5,0,0
1609693200,3,75,1.5,0,0
1609696800,2.2,86,2.1,0,0
1609700400,2.28,86,3.6,0.33,0
1609704000,1.97,93,1,0,0
1609707600,1.87,93,2.1,0.23,0
1609711200,1.26,93,1,0,0
1609714800,0.27,100,1,0,0
1609718400,-0.11,93,0.5,0,0
1609722000,0.27,100,1,0,0
1609725600,-0.24,100,1,0,0
1609729200,-0.93,100,2.6,0,0
1609732800,-0.88,100,2.1,0,0
1609736400,-0.32,93,1.5,0.5,0
1609740000,-0.41,93,3.1,0,0
1609743600,-0.32,93,3.1,0,0
1609747200,0.09,80,2.1,0,0
1609750800,1.12,93,1,0,0
1609754400,1.84,93,2.6,0,0
1609758000,4.02,86,2.6,0.5,0
1609761600,3.68,86,1.5,0,0
1609765200,2.79,86,1.5,0,0
1609768800,3.35,80,1.5,0,0
1609772400,2.9,86,1.5,0.15,0
1609776000,2.95,86,2.1,0.15,0
1609779600,1.21,100,2.1,0,0
1609783200,0.83,100,0.5,0,0
1609786800,0.89,100,0.5,0.5,0
1609790400,0.92,100,1.5,0,0
1609794000,1.25,93,2.1,0.19,0
1609797600,1.32,93,2.1,0,0
1609801200,1.2,93,2.1,0,0
1609804800,1.12,93,2.1,0,0
1609808400,0.81,93,0.5,0,0
1609812000,0.48,100,2.6,0,0
1609815600,0.38,93,1.38,0,0
1609819200,0.48,93,1,0,0
1609822800,0.32,100,1,0.5,0
1609826400,0.21,100,1.5,0.5,0
1609830000,0.32,100,2.6,0.5,0
1609833600,0.68,100,2.6,0,0
1609837200,0.6,100,2.6,0,0
1609840800,0.68,100,3.1,0,0
1609840800,0.68,100,3.1,0,0
1609844400,1.21,93,2.1,0,0
1609848000,0.87,80,2.6,0,0
1609851600,1.61,80,2.1,0,0
1609855200,1.46,74,1.5,0,0
1609858800,1.4,74,2.6,0,0
1609862400,1.46,74,2.1,0,0
1609866000,0.48,85,2.6,0,0
1609869600,0.38,85,1.5,0,0
1609873200,0.48,85,1,0,0
1609876800,0.26,80,0.28,0,0
1609880400,0.15,83,1,0,0
1609884000,-0.05,83,1,0,0
1609887600,0.01,83,1,0,0
1609891200,-0.47,83,1.5,0,0
1609894800,-0.39,83,1,0,0
1609898400,-0.41,78,1,0,0
1609902000,-0.49,78,1,0,0
1609905600,-0.41,78,1.5,0,0
1609909200,-0.83,77,1.5,0,0
1609912800,-0.9,77,1.5,0,0
1609916400,-1.22,100,3.1,0,0
1609920000,-1.15,100,2.6,0,0
1609923600,-0.08,79,2.6,0,0
1609927200,2.15,79,1.5,0,0
1609930800,4.1,64,1.5,0,0
1609934400,4.69,48,2.6,0,0
1609938000,5.44,48,3.1,0,0
1609941600,5.45,48,2.1,0,0
1609945200,4.18,52,3.1,0,0
1609948800,3.26,56,3.6,0,0
1609952400,1.51,69,3.1,0,0
1609956000,0.67,69,2.1,0,0
1609959600,-0.17,69,1.5,0,0
1609963200,-1.06,74,0.5,0,0
1609966800,-1.9,84,1.5,0,0
1609970400,-2.49,84,2.1,0,0
1609974000,-2.74,92,1,0,0
1609977600,-3.47,92,1,0,0
1609981200,-3.46,92,2.1,0,0
1609984800,-3.55,86,1.5,0,0
1609988400,-3.95,92,1.5,0,0
1609992000,-3.94,92,1,0,0
1609995600,-4.7,100,1.5,0,0
1609999200,-4.38,100,1,0,0
1610002800,-4.7,92,1,0,0
1610006400,-3.81,92,1,0,0
1610010000,-2.76,100,1.5,0,0
1610013600,0.11,92,1.5,0,0
1610017200,0.74,92,1,0,0
1610020800,2.23,75,3.09,0,0
1610024400,2.75,70,3.09,0,0
1610028000,2.3,65,3.6,0,0
1610031600,1.92,65,2.57,0,0
1610035200,1.66,60,1.54,0,0
1610038800,-0.87,75,1.03,0,0
1610042400,-2.04,86,1.03,0,0
1610046000,-2.31,86,2.06,0,0
1610049600,-3.52,86,2.57,0,0
1610053200,-3.22,86,2.06,0,0
1610056800,-3.83,93,1.03,0,0
1610060400,-3.76,93,1.03,0,0
1610064000,-4.19,93,1.03,0,0
1610067600,-3.44,86,1.03,0,0
1610071200,-4.55,93,1.03,0,0
1610074800,-5.18,93,1.54,0,0
1610078400,-5.27,93,1.03,0,0
1610082000,-4.95,86,2.06,0,0
1610085600,-5.34,93,1.03,0,0
1610089200,-5.35,93,1.03,0,0
1610092800,-4.48,93,1.03,0,0
1610096400,-2.74,93,1.54,0,0
1610100000,0.61,74,1.03,0,0
1610103600,1.9,75,1.03,0,0
1610107200,2.4,80,1.54,0,0
1610110800,3.87,60,2.57,0,0
1610114400,2.65,60,3.6,0,0
1610118000,2.57,60,3.6,0,0
1610121600,1.93,70,2.57,0,0
1610125200,0.2,75,2.06,0,0
1610128800,-0.61,80,2.57,0,0
1610132400,-0.51,80,3.6,0,0
1610136000,-0.95,93,1.54,0,0
1610139600,-1.34,93,1.03,0,0
1610143200,-0.87,86,1.54,0,0
1610146800,-1.56,93,2.06,0,0
1610150400,-1.31,93,1.54,0,0
1610154000,-1.56,93,1.54,0,0
1610157600,-2.06,100,1.03,0,0
1610161200,-2.11,93,1.92,0,0
1610164800,-2.06,100,1.54,0,0
1610168400,-2.16,93,0.51,0,0
1610172000,-2.22,93,1.31,0,0
1610175600,-2.16,93,1.31,0,0
1610179200,-1.34,100,1.67,0,0
1610182800,-0.99,93,1.67,0,0
1610186400,-0.94,100,1.03,0,0
1610190000,0.17,93,2.06,0,0
1610193600,0.52,87,2.06,0,0
1610193600,0.52,87,2.06,0,0
1610197200,0.17,93,3.09,0,0
1610197200,0.17,93,3.09,0,0
1610200800,0.01,93,3.6,0,0
1610200800,0.01,93,3.6,0,0
1610204400,-0.04,93,3.6,0,0
1610208000,0.01,93,2.57,0,0
1610211600,-0.28,93,2.57,0,0
1610215200,-0.36,93,1.54,0,0.33
1610215200,-0.36,93,1.54,0,0.33
1610218800,-0.28,93,1.54,0.5,0
1610222400,-0.2,93,1.54,0,0
1610226000,-0.65,100,1.87,0,0
1610229600,-0.2,93,1.87,0,0
1610233200,-0.28,93,0.51,0,0
1610236800,-1.05,100,2.03,0,0
1610240400,-0.6,93,1.03,0.5,0
1610240400,-0.6,93,1.03,0.5,0
1610244000,-1.09,100,2.57,0.5,0
1610244000,-1.09,100,2.57,0.5,0
1610247600,-1.15,100,1.54,0.5,0
1610247600,-1.15,100,1.54,0.5,0
1610251200,-0.77,100,1.54,0,0
1610254800,-0.7,100,0.51,0,0
1610258400,-0.76,100,2.57,0,0
1610262000,-0.7,100,3.09,0,0
1610265600,-0.5,93,2.06,0,0
1610269200,-0.85,86,1.03,0,0
1610272800,-0.5,93,2.57,0,0
1610276400,0.3,86,2.57,0,0
1610280000,0.59,86,2.06,0,0
1610283600,0.3,86,2.06,0,0
1610287200,0.25,86,3.09,0,0
1610290800,0.22,86,3.09,0,0
1610294400,-0.07,86,2.06,0,0
1610298000,-0.74,86,2.06,0,0
1610301600,-1.2,93,2.06,0,0
1610305200,-1.14,93,1.54,0,0
1610308800,-1.41,93,2.06,0,0
1610312400,-1.87,93,2.06,0,0
1610316000,-2.52,93,1.03,0,0
1610319600,-2.87,93,1.03,0,0
1610323200,-2.34,93,1.21,0,0
1610326800,-2.55,86,1.03,0,0
1610330400,-3.86,100,1.03,0,0
1610334000,-4.24,93,0.51,0,0
1610337600,-4.89,100,1.35,0,0
1610341200,-5,100,1.03,0,0
1610344800,-5.05,93,0.51,0,0
1610348400,-5.32,93,0.51,0,0
1610352000,-4.31,93,1.77,0,0
1610355600,-2.53,100,0.51,0,0
1610359200,-1.12,93,1.54,0,0
1610362800,1.18,86,2.06,0,0
1610366400,1.54,87,4.12,0,0
1610370000,2.52,81,5.66,0,0
1610373600,1.8,70,4.12,0,0
1610377200,2.03,70,5.14,0,0
1610380800,1.72,75,3.6,0,0
1610384400,-1.96,86,3.09,0,0
1610388000,-2.74,86,2.35,0,0
1610391600,-2.99,93,2.06,0,0
1610395200,-3.43,93,1.54,0,0
1610398800,-3.47,93,2.57,0,0
1610402400,-3.43,93,2.06,0,0
1610406000,-3.71,93,2.57,0,0
1610409600,-3.74,93,2.06,0,0
1610413200,-3.71,93,1.54,0,0
1610416800,-3.95,93,2.06,0,0
1610420400,-3.64,86,1.54,0,0
1610424000,-3.95,86,2.06,0,0
1610427600,-3.83,86,3.09,0,0
1610431200,-3.52,86,3.09,0,0
1610434800,-3.12,86,3.6,0,0
1610438400,-1.87,86,1.54,0,0
1610442000,0.6,86,3.09,0,0
1610445600,1.89,80,1.54,0,0
1610449200,3.22,80,2.57,0,0
1610452800,4.54,75,2.06,0,0
1610456400,5.35,61,4.12,0,0
1610460000,5.69,61,4.12,0,0
1610463600,6.27,57,3.09,0,0
1610467200,5.53,61,4.12,0,0
1610470800,4.1,65,3.09,0,0
1610474400,4.31,65,2.57,0,0
1610478000,4.02,75,4.63,0,0
1610481600,4.46,76,3.6,0,0
1610485200,3.97,81,1.03,0.04,0
1610488800,4.06,87,3.6,0,0
1610492400,5,93,3.6,0,0
1610496000,4.61,93,2.57,0,0
1610499600,4.68,100,3.6,0,0
1610503200,4.89,100,3.09,0,0
1610506800,4.83,100,3.09,0,0
1610510400,4.25,100,3.09,0,0
1610514000,4.35,100,3.09,0,0
1610517600,5.79,93,2.57,0,0
1610521200,5.28,100,2.06,0,0
1610524800,4.49,93,1.54,0,0
1610524800,4.49,93,1.54,0,0
1610528400,6.45,100,2.57,0,0
1610532000,7.6,93,3.6,0,0
1610535600,8.28,93,3.6,0,0
1610539200,8.49,87,5.14,0,0
1610542800,9.22,87,4.63,0,0
1610546400,8.52,81,4.12,0,0
1610550000,8.08,81,3.6,0,0
1610553600,7.8,87,2.57,0,0
1610557200,7.31,87,3.6,0,0
1610560800,6.82,93,3.09,0,0
1610564400,6.59,93,1.54,0,0
1610568000,6.45,93,2.06,0,0
1610571600,6.35,93,1.54,0,0
1610575200,6.48,93,1.03,0,0
1610578800,5.26,100,1.5,0,0
1610582400,5.19,93,1.54,0,0
1610586000,4.94,93,1.5,0,0
1610589600,4.77,93,0.51,0,0
1610593200,4.69,100,2.57,0,0
1610593200,4.69,100,2.57,0,0
1610596800,4.77,93,2.57,0,0
1610600400,4.18,100,3.09,0,0
1610604000,4.09,100,1.03,0,0
1610607600,4.18,93,1.03,0,0
1610611200,4.49,93,1.03,0,0
1610614800,5.13,87,1.03,0,0
1610618400,7.02,81,1.54,0,0
1610622000,7.89,87,3.09,0,0
1610625600,8.61,87,5.66,0,0
1610629200,8.72,87,4.12,0,0
1610632800,8.68,87,5.14,0,0
1610636400,7.78,87,5.66,0,0
1610640000,7.88,81,4.63,0,0
1610643600,7.02,93,4.12,0.33,0
1610643600,7.02,93,4.12,0.33,0
1610647200,6.66,93,2.57,0.33,0
1610650800,7.64,93,3.09,0,0
1610654400,8.25,100,5.66,0,0
1610658000,7.41,100,4.63,0.25,0
1610661600,7.17,100,4.63,0,0
1610665200,7.24,93,5.14,0,0
1610668800,7.12,93,3.09,0,0
1610672400,6.84,93,3.6,0,0
1610676000,7.37,100,3.6,0,0
1610679600,7.25,93,3.6,0,0
1610683200,6.38,93,3.6,0.08,0
1610686800,5.97,100,3.6,0,0
1610690400,6.83,100,4.12,0,0
1610694000,6.92,100,4.12,0,0
1610697600,5.8,100,3.09,0,0
1610701200,7.27,93,4.12,0,0
1610704800,7.48,93,3.09,0.13,0
1610708400,7.58,93,2.57,0.33,0
1610712000,8.07,87,3.09,0,0
1610715600,8.25,76,3.09,0,0
1610719200,7.07,81,3.6,0,0
1610722800,7.36,76,3.6,0,0
1610726400,6.67,87,2.57,0,0
1610730000,5.94,87,2.06,0,0
1610733600,5.45,93,2.57,0,0
1610737200,5.22,87,2.06,0,0
1610740800,5.03,87,3.6,0,0
1610744400,4.56,93,2.06,0,0
1610748000,4.64,87,2.57,0,0
1610751600,3.71,93,1.03,0,0
1610755200,3.98,87,1.03,0,0
1610758800,3.39,93,1.54,0,0
1610762400,1.94,93,0.51,0,0
1610766000,1.14,93,1.03,0,0
1610769600,0.19,93,2.57,0,0
1610773200,-0.05,100,2.06,0,0
1610776800,-0.41,100,1.54,0,0
1610780400,-0.77,100,0.51,0,0
1610784000,0.27,93,1.54,0,0
1610787600,1.36,100,2.06,0,0
1610791200,3.73,93,1.54,0,0
1610794800,6.02,87,2.03,0,0
1610798400,7.08,71,3.6,0,0
1610802000,7.37,76,2.06,0,0
1610805600,7.57,71,2.06,0,0
1610809200,7.73,71,1.54,0,0
1610812800,6.93,76,1.78,0,0
1610816400,5.56,81,0.51,0,0
1610820000,5.47,81,1.82,0,0
1610823600,5.56,81,1.03,0,0
1610827200,5.54,81,1.54,0,0
1610830800,5.8,81,1.54,0,0
1610834400,6.5,76,1.54,0,0
1610838000,7.43,61,4.12,0,0
1610841600,6.95,71,2.57,0,0
1610845200,7.03,61,3.6,0,0
1610848800,7.26,61,4.63,0,0
1610852400,7.58,61,3.09,0,0
1610856000,8.38,57,3.6,0,0
1610859600,8.77,57,4.12,0,0
1610863200,8.69,71,4.12,0,0
1610866800,9.34,71,6.17,0,0
1610870400,9.33,76,5.66,0,0
1610874000,9.9,82,7.2,0,0
1610877600,9.7,93,5.14,0.88,0
1610881200,9.42,100,6.69,0,0
1610884800,9.44,100,6.17,0.33,0
1610888400,9.54,93,4.63,0.33,0
1610888400,9.54,93,4.63,0.33,0
1610892000,9.48,93,2.57,0,0
1610895600,8.82,93,3.6,0.23,0
1610895600,8.82,93,3.6,0.23,0
1610899200,7.72,93,3.09,0,0
1610902800,6.59,100,2.06,0,0
1610906400,6.13,93,1.03,0,0
1610910000,5.88,93,1.54,0,0
1610913600,5.62,87,2.57,0,0
1610917200,5.16,87,1.54,0,0
1610920800,5.22,87,1.03,0,0
1610924400,4.48,87,0.51,0,0
1610928000,4.04,87,2.15,0,0
1610931600,4.16,87,2.06,0,0
1610935200,3.52,93,1.54,0,0
1610938800,3,93,1.8,0,0
1610942400,2.8,93,0.51,0,0
1610946000,1.98,100,0.51,0,0
1610949600,1.2,100,1.03,0,0
1610953200,1.26,100,1.03,0,0
1610956800,1.12,100,1.03,0,0
1610960400,2.9,100,1.54,0,0
1610964000,5.66,81,2.06,0,0
1610967600,7.68,71,1.03,0,0
1610971200,8.1,71,1.54,0,0
1610974800,8.96,66,1.54,0,0
1610978400,9.6,58,1.03,0,0
1610982000,9.11,54,1.03,0,0
1610985600,7.79,66,1.54,0,0
1610989200,5.19,76,2.31,0,0
1610992800,3.07,87,1.03,0,0
1610996400,2,93,2.06,0,0
1611000000,1.6,100,2.06,0,0
1611003600,1.6,93,1.54,0,0
1611007200,1.28,93,3.09,0,0
1611010800,1.38,93,2.57,0,0
1611014400,0.71,93,1.54,0,0
1611018000,0.34,93,2.57,0,0
1611021600,0.74,93,2.57,0,0
1611025200,0.79,86,2.57,0,0
1611028800,0.34,93,2.57,0,0
1611032400,0.85,86,2.57,0,0
1611036000,0.92,80,2.06,0,0
1611039600,1.49,86,2.06,0,0
1611043200,2.85,80,2.06,0,0
1611046800,6.06,70,2.57,0,0
1611050400,9.03,57,2.06,0,0
1611054000,11.83,50,2.06,0,0
1611057600,13.19,44,3.09,0,0
1611061200,14.69,34,2.06,0,0
1611064800,15.74,30,0.51,0,0
1611068400,15.69,27,1.54,0,0
1611072000,14.08,48,1.54,0,0
1611075600,9.26,54,2.06,0,0
1611079200,6.98,71,1.03,0,0
1611082800,5.52,81,2.06,0,0
1611086400,4.98,75,2.06,0,0
1611090000,5.9,75,2.06,0,0
1611093600,5.22,75,3.09,0,0
1611097200,5.82,75,2.06,0,0
1611100800,7.12,65,2.06,0,0
1611104400,5.27,75,2.06,0,0
1611108000,5.28,75,1.54,0,0
1611111600,5.3,75,1.03,0,0
1611115200,5.28,75,1.54,0,0
1611118800,5.7,65,2.06,0,0
1611122400,4.78,65,0.51,0,0
1611126000,4.04,70,1.03,0,0
1611129600,5.06,61,2.57,0,0
1611133200,5.71,70,1.03,0,0
1611136800,7.38,57,3.6,0,0
1611140400,13.58,33,4.12,0,0
1611144000,13.89,33,7.72,0,0
1611147600,13.83,44,3.6,0,0
1611151200,13.11,44,3.09,0,0
1611154800,12.93,47,4.12,0,0
1611158400,11.85,50,2.06,0,0
1611162000,12.05,44,3.09,0,0
1611165600,11.88,47,2.57,0,0
1611169200,12.45,44,4.63,0,0
1611172800,12.19,44,5.14,0,0
1611176400,11.64,47,3.6,0,0
1611180000,10.28,58,2.06,0,0
1611183600,10.32,58,4.12,0,0
1611187200,8.98,58,4.12,0,0
1611190800,9.44,54,5.14,0,0
1611194400,8.68,58,5.14,0,0
1611198000,8.39,54,6.17,0,0
1611201600,8.68,58,4.63,0,0
1611205200,8.22,58,4.63,0,0
1611208800,8.46,58,1.54,0,0
1611212400,6.95,71,0.51,0,0
1611216000,8.85,58,8.23,0,0
1611219600,9.42,58,2.06,0,0
1611223200,11.42,62,3.09,0,0
1611226800,13.74,58,4.63,0,0
1611230400,14.6,51,4.12,0,0
1611234000,14.73,55,2.06,0,0
1611237600,13.61,55,7.2,0.5,0
1611241200,13.53,55,3.09,0,0
1611244800,13.2,51,5.14,0,0
1611248400,11.3,51,6.17,0,0
1611252000,11.79,47,5.14,0,0
1611255600,12.9,51,6.17,0,0
1611259200,12.65,48,7.72,0,0
1611262800,12.09,51,6.17,0,0
1611266400,13.61,44,8.75,0,0
1611270000,13.62,44,8.75,0,0
1611273600,11.88,48,7.2,0,0
1611277200,11.95,51,5.14,0,0
1611280800,12.75,51,5.14,0,0
1611284400,11.55,54,2.57,0,0
1611288000,10.92,62,1.54,0,0
1611291600,11.41,58,1.03,0,0
1611295200,10.65,67,10.8,0,0
1611298800,10.05,71,2.57,0,0
1611302400,7.31,93,7.2,1.19,0
1611306000,7.32,87,7.2,1.19,0
1611309600,7.7,87,7.2,1.19,0
1611313200,7.94,87,12.35,0,0
1611316800,8.21,93,12.86,8,0
1611320400,8.96,71,10.29,0,0
1611324000,7.85,87,6.69,0.31,0
1611327600,6.9,87,5.66,0.31,0
1611327600,6.9,87,5.66,0.31,0
1611331200,6.06,93,5.66,0,0
1611334800,4.48,87,4.12,0,0
1611338400,4.73,93,5.14,0,0
1611342000,4.8,87,6.69,0.5,0
1611345600,4.83,93,5.66,0,0
1611349200,6.5,87,6.69,0,0
1611352800,6.27,87,6.69,0.19,0
1611356400,4.9,87,6.69,0,0
1611360000,6.02,87,3.09,0.33,0
1611360000,6.02,87,3.09,0.33,0
1611363600,5.54,93,5.14,0.33,0
1611367200,5.1,93,1.03,0,0
1611370800,4.03,93,2.06,0,0
1611374400,4.15,87,2.57,0,0
1611378000,5.06,76,3.09,0,0
1611381600,6.62,66,4.63,0,0
1611385200,7.98,61,6.69,0,0
1611388800,8.92,57,7.2,0,0
1611392400,9.48,54,6.69,0,0
1611396000,10.17,54,9.26,0,0
1611399600,10.6,54,8.23,0,0
1611403200,10.19,62,9.26,0,0
1611406800,10.23,76,6.69,0.33,0
1611410400,8.64,87,8.75,1.21,0
1611414000,7.61,87,6.17,0,0
1611417600,7.29,93,2.06,1.21,0
1611421200,6.72,93,2.06,0.33,0
1611424800,6.26,100,2.57,0.33,0
1611428400,6,93,2.06,0.33,0
1611432000,5.9,93,2.06,1.13,0
1611435600,5.84,93,1.54,1.13,0
1611439200,5.58,93,2.06,0,0
1611442800,5.17,100,3.6,0,0
1611446400,5.52,93,2.06,0.33,0
1611450000,5.81,100,3.6,0.33,0
1611453600,5.31,93,4.63,1.85,0
1611457200,3.6,100,3.09,1.85,0
1611460800,3.31,100,4.63,1.85,0
1611464400,3.07,100,3.6,0.33,0
1611468000,3.03,100,2.57,0,0
1611471600,3.07,100,2.57,0,0
1611475200,4.02,93,1.54,0,0
1611478800,4.98,93,2.06,0,0
1611482400,6.54,87,2.57,0,0
1611486000,7.83,76,5.66,0,0
1611489600,8.09,81,8.75,0,0
1611493200,8.29,81,6.69,0.33,0
1611496800,8.74,81,9.26,0.31,0
1611500400,8.34,87,11.32,0.31,0
1611504000,8.55,81,7.2,0,0
1611507600,7.88,81,5.66,0,0
1611511200,7.29,81,4.63,0.33,0
1611514800,7.83,93,2.57,0,0
1611518400,8.22,93,9.26,0.15,0
1611522000,8.12,81,9.26,0,0
1611525600,7.97,87,7.72,0.15,0
1611529200,8.04,93,8.23,0.33,0
1611532800,7.44,93,6.17,0.33,0
1611536400,8.14,93,7.72,0.33,0
1611540000,7.87,100,5.66,0.31,0
1611543600,7.18,93,6.69,0.31,0
1611547200,7.26,93,4.63,0.31,0
1611550800,7.2,93,4.63,0.33,0
1611554400,6.74,100,3.09,0.33,0
1611558000,7.2,93,4.63,0.33,0
1611561600,6.72,100,4.12,1.38,0
1611565200,6.95,93,1.54,1.38,0
1611565200,6.95,93,1.54,1.38,0
1611568800,6.72,100,0.51,1.38,0
1611568800,6.72,100,0.51,1.38,0
1611572400,6.83,93,3.09,0.33,0
1611576000,6.46,87,1.54,0.33,0
1611579600,6.51,87,1.54,0.33,0
1611583200,6.49,87,2.06,0,0
1611586800,6.43,87,1.54,0,0
1611590400,6.49,93,2.06,0,0
1611594000,5.61,100,2.06,0.33,0
1611597600,5.53,93,2.06,0,0
1611601200,4.82,100,1.03,0.33,0
1611604800,3.67,93,1.03,0,0
1611608400,2.98,100,1.03,0,0
1611612000,2.32,100,1.03,0,0
1611615600,1.55,100,1.03,0,0
1611619200,1.37,100,1.03,0,0
1611622800,1.79,100,1.03,0,0
1611626400,2.04,100,1.03,0,0
1611630000,1.99,100,2.57,0,0
1611633600,2.12,100,1.54,0,0
1611637200,2.36,100,1.54,0,0
1611640800,1.64,100,2.06,0,0
1611644400,1.41,100,4.12,0,0
1611648000,1.89,100,3.09,0,0
1611651600,2.6,100,2.06,0,0
1611655200,4.76,93,0.51,0,0
1611658800,7.03,81,1.54,0,0
1611662400,8.24,76,2.57,0,0
1611666000,9.64,62,2.57,0,0
1611669600,10.57,50,1.54,0,0
1611673200,10.55,47,1.03,0,0
1611676800,9.96,58,1.03,0,0
1611680400,8.85,66,1.03,0,0
1611684000,8.74,66,0.51,0,0
1611687600,8.14,76,0.51,0,0
1611691200,8.64,71,2.06,0,0
1611694800,8.56,76,1.54,0,0
1611698400,8.64,76,1.54,0,0
1611702000,8.93,76,1.54,0,0
1611705600,9.18,81,1.54,0,0
1611709200,9.25,87,1.03,0.33,0
1611709200,9.25,87,1.03,0.33,0
1611712800,9.41,100,1.54,0,0
1611716400,10.06,100,1.03,0.58,0
1611716400,10.06,100,1.03,0.58,0
1611720000,11.25,100,4.12,0.58,0
1611723600,11.42,100,4.63,0.33,0
1611727200,11.32,94,4.12,0.33,0
1611727200,11.32,94,4.12,0.33,0
1611730800,11.86,100,3.09,0.33,0
1611730800,11.86,100,3.09,0.33,0
1611734400,11.87,100,3.09,0.65,0
1611738000,12.33,94,5.14,0.65,0
1611738000,12.33,94,5.14,0.65,0
1611741600,12.33,94,4.12,0.65,0
1611741600,12.33,94,4.12,0.65,0
1611745200,12.73,100,4.63,0.33,0
1611745200,12.73,100,4.63,0.33,0
1611748800,12.63,100,5.14,0.33,0
1611748800,12.63,100,5.14,0.33,0
1611752400,12.72,100,5.66,0,0
1611756000,12.78,100,4.63,0.56,0
1611759600,12.76,100,4.63,0.56,0
1611759600,12.76,100,4.63,0.56,0
1611763200,12.6,100,4.63,0.56,0
1611763200,12.6,100,4.63,0.56,0
1611766800,12.85,100,5.66,0,0
1611766800,12.85,100,5.66,0,0
1611770400,12.77,100,5.14,0,0
1611774000,12.85,100,5.66,0,0
1611777600,12.89,100,4.63,0,0
1611781200,12.74,100,4.12,0,0
1611784800,12.66,100,4.12,0,0
1611788400,12.69,100,4.12,0.33,0
1611792000,12.36,100,3.6,0,0
1611795600,12.44,100,3.09,0,0
1611799200,12.14,94,1.54,0,0
1611802800,11.73,94,2.43,0,0
1611806400,11.57,100,1.54,0,0
1611810000,10.57,94,1.03,0,0
1611813600,10.17,94,0.69,0,0
1611817200,10.57,100,1.54,0,0
1611820800,10.94,100,2.06,0,0
1611824400,11.91,94,2.06,0,0
1611828000,13.02,94,1.54,0,0
1611831600,14.72,77,3.09,0,0
1611835200,15.61,72,3.09,0,0
1611838800,16.42,68,2.06,0,0
1611842400,16.36,72,0.51,0,0
1611846000,16.4,67,1.03,0,0
1611849600,16.76,63,0.51,0,0
1611853200,13.31,77,1.54,0,0
1611856800,11.16,88,1.03,0,0
1611860400,9.8,93,2.63,0,0
1611864000,10.1,93,2.57,0,0
1611867600,8.99,100,1.54,0,0
1611871200,9.39,93,2.57,0,0
1611874800,8.84,100,1.54,0,0
1611878400,9.55,93,1.54,0,0
1611882000,10.81,100,2.37,0,0
1611885600,10.99,100,1.54,0,0
1611889200,10.05,100,2.06,0,0
1611892800,11.42,93,4.04,0.42,0
1611896400,11.37,100,1.03,0.33,0
1611896400,11.37,100,1.03,0.33,0
1611900000,11.86,94,2.06,0,0
1611903600,11.93,100,1.54,0,0
1611907200,11.93,100,5.14,0.88,0
1611910800,11.85,100,4.63,0.88,0
1611914400,12.54,94,4.63,0,0
1611918000,12.97,100,4.12,0,0
1611921600,12.67,100,3.6,0,0
1611925200,13.07,100,3.6,0.33,0
1611925200,13.07,100,3.6,0.33,0
1611928800,13,100,4.63,0.33,0
1611932400,12.91,100,3.09,0,0
1611936000,12.44,100,2.57,0,0
1611939600,11.49,94,2.06,0,0
1611943200,11.4,94,1.54,0,0
1611946800,10.77,100,1.54,0,0
1611950400,10.66,94,3.09,0,0
1611954000,10.59,100,3.09,0,0
1611957600,9.95,100,1.54,0,0
1611961200,10,93,3.09,0,0
1611964800,9.57,100,3.6,0,0
1611968400,8.96,100,1.03,0,0
1611972000,8.73,93,2.57,0,0
1611975600,8.73,93,1.54,0,0
1611979200,9.05,93,1.54,0,0
1611982800,9.9,93,2.06,0.33,0
1611986400,10.41,93,6.17,0.33,0
1611990000,9.88,93,2.57,0.33,0
1611993600,9.58,93,2.06,3.25,0
1611997200,9.19,93,3.6,3.25,0
1611997200,9.19,93,3.6,3.25,0
1612000800,9.81,87,4.12,0,0
1612004400,10.5,87,4.63,0.5,0
1612008000,10.2,93,5.14,0.5,0
1612011600,10,87,6.69,0,0
1612015200,9.47,87,4.12,0,0
1612018800,9.93,71,6.69,0,0
1612022400,9.01,71,8.75,0,0
1612026000,8.32,71,6.69,0,0
1612029600,7.82,76,5.66,0,0
1612033200,7.85,81,8.75,0.33,0
1612036800,7.2,87,5.14,1.21,0
1612040400,8.09,93,6.17,1.21,0
1612040400,8.09,93,6.17,1.21,0
1612044000,6.8,87,6.69,1.21,0
1612047600,8.02,93,9.26,0.33,0
1612047600,8.02,93,9.26,0.33,0
1612051200,8.18,93,8.23,0.33,0
1612054800,8.27,100,8.23,0.33,0
1612054800,8.27,100,8.23,0.33,0
1612058400,8.72,100,10.29,3,0
1612058400,8.72,100,10.29,3,0
1612062000,8.94,93,11.32,3,0
1612062000,8.94,93,11.32,3,0
1612065600,9.02,93,11.32,3,0
1612065600,9.02,93,11.32,3,0
1612069200,9.26,93,11.83,0.33,0
1612069200,9.26,93,11.83,0.33,0
1612072800,9.2,93,11.32,0.33,0
1612072800,9.2,93,11.32,0.33,0
1612076400,9.51,93,10.8,0.33,0
1612080000,9.47,93,10.8,0,0
1612083600,9.52,93,9.26,0,0
1612087200,9.91,87,7.72,0,0
1612090800,9.86,93,5.14,0.33,0
1612094400,10.32,93,4.63,0.33,0
1612098000,10.51,87,5.14,0.33,0
1612101600,10.33,100,4.63,0.54,0
1612101600,10.33,100,4.63,0.54,0
1612105200,10.62,100,5.66,0.54,0
1612105200,10.62,100,5.66,0.54,0
1612108800,11.59,88,8.23,0,0
1612112400,11.42,94,6.69,0.33,0
1612116000,11.2,87,7.2,0,0
1612119600,10.6,93,2.57,0,0
1612123200,9.91,100,3.09,0,0
1612126800,11.25,93,8.75,0.92,0
1612130400,11.48,82,11.83,0,0
1612134000,10.85,87,11.83,0.33,0
1612137600,10.4,93,7.2,0.33,0
1612141200,10.48,87,11.32,0,0
1612144800,10.35,82,11.83,0,0
1612148400,10.25,93,9.77,0.44,0
1612148400,10.25,93,9.77,0.44,0
1612152000,10.34,87,10.8,0.44,0
1612155600,10.42,87,12.35,0.33,0
1612159200,10.34,87,12.86,0.33,0
1612159200,10.34,87,12.86,0.33,0
1612162800,10.73,82,11.83,0.33,0
1612166400,10.43,93,10.8,0.06,0
1612166400,10.43,93,10.8,0.06,0
1612170000,10.35,93,12.86,0.06,0
1612170000,10.35,93,12.86,0.06,0
1612173600,11.32,76,13.38,0,0
1612177200,11.76,76,11.83,0,0
1612180800,10.56,93,8.75,0.33,0
1612180800,10.56,93,8.75,0.33,0
1612184400,11.31,87,12.35,0,0
1612188000,11.66,82,10.29,0,0
1612191600,11.26,94,8.75,0.17,0
1612195200,11.34,94,8.75,0.17,0
1612198800,11.4,100,9.26,0.33,0
1612202400,11.33,100,7.72,0.33,0
1612206000,11.4,94,6.17,0,0
1612209600,10.55,94,5.14,0,0
1612213200,11.16,94,2.06,0.44,0
1612216800,11.25,94,1.03,0,0
1612220400,11.1,100,2.57,0.33,0
1612220400,11.1,100,2.57,0.33,0
1612224000,10.78,100,2.06,0.33,0
1612227600,10.85,100,2.57,0,0
1612231200,10.3,93,2.06,0,0
1612234800,10.68,100,2.06,0,0
1612238400,10.37,93,2.57,0,0
1612242000,9.63,100,2.06,0,0
1612245600,8.54,100,2.57,0,0
1612249200,9.01,100,3.09,0,0
1612252800,9.93,100,3.6,0,0
1612256400,11.5,87,3.09,0,0
1612260000,13.52,77,3.6,0,0
1612263600,15.84,72,3.09,0,0
1612267200,16.52,59,1.54,0,0
1612270800,17.39,56,1.03,0,0
1612274400,17.83,49,1.54,0,0
1612278000,17.41,52,0.7,0,0
1612281600,17.17,63,2.06,0,0
1612285200,14.78,72,1.03,0,0
1612288800,13.62,72,2.57,0,0
1612292400,12.98,77,3.09,0,0
1612296000,11.64,77,3.6,0,0
1612299600,11.28,72,1.54,0,0
1612303200,10.2,87,2.06,0,0
1612306800,9.73,93,1.03,0,0
1612310400,9.35,93,2.57,0,0
1612314000,8.94,93,2.57,0,0
1612317600,8.58,93,2.06,0,0
1612321200,8.31,93,2.57,0,0
1612324800,8.58,87,2.57,0,0
1612328400,7.68,93,2.06,0,0
1612332000,7.66,93,1.54,0,0
1612335600,8.72,87,3.09,0,0
1612339200,10.12,87,1.03,0,0
1612342800,13.25,72,3.6,0,0
1612346400,16.17,52,5.66,0,0
1612350000,16.43,63,4.63,0,0
1612353600,16.1,67,5.14,0,0
1612357200,14.83,77,5.66,0,0
1612360800,14.76,82,3.6,0,0
1612364400,14.52,82,3.6,0,0
1612368000,13.17,76,2.57,0.19,0
1612371600,11.37,82,2.57,0,0
1612375200,10.27,82,2.57,0.5,0
1612378800,10.02,76,2.06,0,0
1612382400,9.69,82,4.12,0.06,0
1612386000,9.95,87,4.63,0.06,0
1612389600,8.97,87,4.63,0,0
1612393200,8.65,93,5.14,0,0
1612396800,9.03,87,4.12,0,0
1612400400,9.05,87,1.54,0,0
1612404000,7.98,93,2.06,0,0
1612407600,8.32,93,1.54,0,0
1612411200,7.91,100,1.54,0,0
1612414800,8.3,93,1.03,0,0
1612418400,9.57,100,2.06,0,0
1612422000,9.58,100,1.54,0,0
1612425600,10.1,100,1.54,0,0
1612429200,11.14,93,1.03,0,0
1612432800,12.23,93,1.03,0,0
1612436400,13.55,88,1.03,0,0
1612440000,14.4,77,3.09,0,0
1612443600,14.76,72,3.09,0,0
1612447200,15.02,67,3.6,0,0
1612450800,14.75,67,3.6,0,0
1612454400,14.06,77,3.09,0,0
1612458000,12.18,77,2.57,0,0
1612461600,10.67,87,1.54,0,0
1612465200,9.71,87,1.54,0,0
1612468800,9.54,93,2.06,0,0
1612472400,8.8,93,1.54,0,0
1612476000,7.79,93,1.54,0,0
1612479600,7.32,93,1.54,0,0
1612483200,7.26,93,1.54,0,0
1612486800,6.52,100,1.03,0,0
1612490400,6.79,93,1.54,0,0
1612494000,6.81,100,1.54,0,0
1612497600,7.75,100,1.03,0,0
1612501200,7.45,100,3.09,0,0
1612504800,7.52,100,2.06,0,0
1612508400,7.21,100,1.54,0,0
1612512000,8.47,100,2.06,0,0
1612515600,9.44,100,1.54,0,0
1612519200,8.79,100,1.03,0,0
1612522800,11.13,100,1.03,0,0
1612526400,11.17,100,1.54,0,0
1612530000,11.7,93,1.54,0,0
1612533600,13.01,87,3.09,0,0
1612537200,13.31,87,1.54,0,0
1612540800,13.26,87,2.57,0,0
1612544400,11.94,93,2.57,0,0
1612548000,11.22,93,2.57,0,0
1612551600,11.27,93,2.06,0,0
1612555200,10.79,93,2.06,0,0
1612558800,10.73,93,2.06,0,0
1612562400,9.97,93,1.54,0,0
1612566000,9.75,93,0.51,0,0
1612569600,9.29,93,0.51,0,0
1612573200,10.17,93,1.03,0,0
1612576800,9.26,100,1.2,0,0
1612580400,8.88,93,1.03,0,0
1612584000,8.62,93,1.03,0,0
1612587600,7.75,100,1.03,0,0
1612591200,8.03,100,1.03,0,0
1612594800,8.78,93,2.57,0,0
1612598400,9.21,100,2.06,0,0
1612602000,9.17,100,2.57,0.13,0
1612602000,9.17,100,2.57,0.13,0
1612605600,9.52,100,2.57,0.13,0
1612605600,9.52,100,2.57,0.13,0
1612609200,10.77,100,3.09,0,0
1612612800,11.31,93,3.6,0,0
1612616400,11.33,93,3.6,0.5,0
1612620000,10.83,93,4.12,0.33,0
1612623600,10.79,93,6.17,0.33,0
1612627200,9.78,100,6.17,0.33,0
1612630800,8.17,100,8.23,0.33,0
1612634400,7.79,93,6.17,0.33,0
1612638000,7.85,93,6.69,0.33,0
1612641600,7.11,93,6.69,1.15,0
1612645200,6.72,93,6.69,1.15,0
1612648800,6.47,93,5.14,0,0
1612652400,5.51,87,5.14,0,0
1612656000,5.42,87,4.12,0,0
1612659600,5.11,93,4.63,0,0
1612663200,4.69,87,4.63,0,0
1612666800,4.23,93,3.09,0,0
1612670400,4.37,87,4.12,0.1,0
1612674000,4.2,93,3.09,0,0
1612677600,3.82,87,2.57,0,0
1612681200,2.84,93,1.54,0,0
1612684800,4.33,87,1.54,0,0
1612688400,6.75,81,3.09,0,0
1612692000,7.41,81,3.6,0,0
1612695600,8.32,81,5.66,0,0
1612699200,8.24,87,4.12,0,0
1612702800,8.38,81,6.69,0,0
1612706400,8.71,81,5.66,0,0
1612710000,8.63,81,5.14,0,0
1612713600,8.46,76,4.63,0,0
1612717200,7.5,81,3.09,0,0
1612720800,6.07,87,2.06,0,0
1612724400,5.82,87,2.06,0,0
1612728000,5.24,87,0.51,0,0
1612731600,5.17,87,2.06,0,0
1612735200,4.92,93,2.06,0,0
1612738800,5.26,93,2.57,0,0
1612742400,5.62,87,3.09,0.5,0
1612746000,5.26,93,2.57,0.5,0
1612749600,5.51,100,2.06,0,0
1612753200,5.89,93,1.54,0,0
1612756800,6.22,93,1.03,0,0
1612760400,6.35,93,1.03,0.5,0
1612764000,6.33,100,1.54,0.5,0
1612767600,6.35,100,1.03,0,0
1612771200,6.78,100,2.28,0.5,0
1612774800,7.45,100,1.03,0,0
1612778400,7.89,93,4.12,0.5,0
1612782000,8.45,87,3.09,0,0
1612785600,8.39,81,5.66,0.5,0
1612789200,8.45,81,4.63,0,0
1612792800,8.64,81,4.12,0,0
1612796400,9.67,76,5.66,0,0
1612800000,10.07,71,5.14,0,0
1612803600,8.6,76,4.63,0,0
1612807200,7.78,81,4.63,0,0
1612810800,7.89,81,6.17,0,0
1612814400,7.77,81,5.66,0,0
1612818000,7.27,87,5.66,0,0
1612821600,7.69,87,4.63,0.04,0
1612825200,7.67,87,3.6,0,0
1612828800,7.24,87,4.63,0.5,0
1612832400,7.03,81,4.12,0,0
1612836000,6.02,87,1.03,0,0
1612839600,5.05,93,2.57,0,0
1612843200,5.31,93,2.06,0,0
1612846800,4.74,100,1.03,0,0
1612850400,5.1,93,1.54,0,0
1612854000,4.42,100,1.03,0,0
1612857600,5.69,87,3.09,0,0
1612861200,7.39,81,4.12,0,0
1612864800,8.87,71,3.6,0,0
1612868400,10.67,71,3.6,0.33,0
1612872000,9.95,81,1.54,0.33,0
1612875600,9.95,87,2.06,0.33,0
1612879200,9.1,93,1.03,0.4,0
1612882800,9.37,93,1.03,0.4,0
1612886400,8.7,93,2.06,0.4,0
1612890000,8.2,93,3.6,0,0
1612893600,7.44,93,1.03,0,0
1612897200,6.45,93,1.54,0,0
1612900800,5.53,100,1.54,0,0
1612904400,6.26,81,3.09,0,0
1612908000,5.21,87,2.06,0,0
1612911600,5.41,81,2.57,0,0
1612915200,5.04,81,1.03,0,0
1612918800,4.69,87,1.54,0,0
1612922400,4.31,93,1.54,0,0
1612926000,3.98,93,1.54,0,0
1612929600,4.07,87,1.54,0,0
1612933200,4.43,87,1.54,0,0
1612936800,4.71,87,2.06,0,0
1612940400,5.07,87,1.03,0,0
1612944000,5.91,87,2.57,0,0
1612947600,6.16,87,1.54,0.33,0
1612951200,6.23,100,2.06,0.33,0
1612954800,6.19,93,3.09,0,0
1612958400,6.5,87,3.6,0.33,0
1612962000,6.9,93,3.6,0.33,0
1612965600,7.03,93,4.63,0.25,0
1612965600,7.03,93,4.63,0.25,0
1612969200,7.33,93,5.14,0.25,0
1612972800,7.43,93,4.12,0,0
1612976400,7.6,93,7.72,0,0
1612980000,7.52,87,5.14,0,0
1612983600,7.6,87,5.14,0,0
1612987200,7.39,87,4.12,0,0
1612990800,7.28,87,4.12,0,0
1612994400,7.07,81,3.09,0,0
1612998000,6.19,87,1.54,0,0
1613001600,5.11,87,2.06,0,0
1613005200,4.44,93,2.06,0,0
1613008800,3.94,100,1.03,0,0
1613012400,4.32,93,3.09,0,0
1613016000,3.94,93,3.09,0,0
1613019600,3.16,93,2.57,0,0
1613023200,3.17,93,2.57,0,0
1613026800,2.84,93,2.57,0,0
1613030400,5.94,87,2.57,0,0
1613034000,7.98,76,2.57,0,0
1613037600,9.95,71,2.06,0,0
1613041200,12.64,62,1.54,0,0
1613044800,13.07,51,1.54,0,0
1613048400,13.73,47,1.54,0,0
1613052000,14.32,44,1.03,0,0
1613055600,14.2,51,0.51,0,0
1613059200,13.4,55,1.54,0,0
1613062800,12.37,72,1.54,0,0
1613066400,11.23,76,1.54,0,0
1613070000,9.98,82,3.6,0.33,0
1613073600,9.69,87,3.09,0,0
1613077200,8.61,93,2.57,0,0
1613080800,8.33,87,1.54,0,0
1613084400,7.19,93,1.54,0,0
1613088000,7.58,93,1.54,0,0
1613091600,6.87,93,1.03,0,0
1613095200,7.34,93,1.54,0,0
1613098800,7.74,87,1.03,0,0
1613102400,7.34,93,2.06,0,0
1613106000,7.92,87,3.09,0,0
1613109600,8.25,87,1.54,0,0
1613113200,8.56,93,2.06,0.33,0
1613116800,10.89,100,6.17,0.15,0
1613120400,11.08,100,7.2,0.15,0
1613124000,11.45,94,4.12,0.15,0
1613127600,10.61,94,5.66,0.33,0
1613131200,10.96,94,5.14,0.33,0
1613131200,10.96,94,5.14,0.33,0
1613134800,11.41,94,7.2,0,0
1613138400,11.4,94,7.2,0.31,0
1613138400,11.4,94,7.2,0.31,0
1613142000,10.51,94,7.2,0.31,0
1613145600,9.88,93,8.23,0,0
1613149200,9.08,100,7.72,0,0
1613152800,9,93,8.23,0,0
1613156400,8.36,100,6.17,0,0
1613160000,8.12,93,5.14,0,0
1613163600,8.04,93,3.09,0,0
1613167200,8.12,93,1.54,0,0
1613170800,7.57,93,1.19,0,0
1613174400,7.83,93,1.54,0,0
1613178000,8.21,93,1.54,0,0
1613181600,8.2,93,3.09,0,0
1613185200,8.13,100,1.54,0,0
1613188800,7.88,100,2.06,0,0
1613192400,7.86,100,1.03,0,0
1613196000,7.8,93,0.51,0,0
1613199600,7.86,93,1.03,0,0
1613203200,8.1,100,1.6,0,0
1613206800,9.57,93,0.51,0,0
1613210400,10.32,93,0.51,0,0
1613214000,11.48,82,3.6,0,0
1613217600,11.27,82,2.57,0,0
1613221200,11.21,76,2.57,0,0
1613224800,11.64,71,1.54,0,0
1613228400,11.98,67,1.54,0,0
1613232000,11.15,71,1.54,0,0
1613235600,9.95,76,1.03,0,0
1613239200,9.12,82,1.54,0,0
1613242800,8.2,87,2.06,0,0
1613246400,6.86,93,2.06,0,0
1613250000,6.17,87,2.06,0,0
1613253600,5.42,93,2.06,0,0
1613257200,4.44,93,1.03,0,0
1613260800,3.73,100,1.54,0,0
1613264400,3.73,100,2.57,0,0
1613268000,3.66,100,1.03,0,0
1613271600,3.75,100,2.06,0,0
1613275200,4.06,100,2.06,0,0
1613278800,2.98,100,2.57,0,0
1613282400,3.01,93,3.09,0,0
1613286000,2.98,93,1.54,0,0
1613289600,4.7,87,1.03,0,0
1613293200,7.86,81,2.57,0,0
1613296800,9.69,66,2.06,0,0
1613300400,12.3,58,2.06,0,0
1613304000,13.56,55,3.09,0,0
1613307600,14.12,55,3.09,0,0
1613311200,14.82,55,3.6,0,0
1613314800,14.76,59,3.6,0,0
1613318400,13.03,67,4.12,0,0
1613322000,10,67,4.63,0,0
1613325600,8.12,76,2.57,0,0
1613329200,7.45,81,2.57,0,0
1613332800,6.82,76,2.57,0,0
1613336400,6.09,81,2.57,0,0
1613340000,5.68,87,2.57,0,0
1613343600,5.32,81,2.57,0,0
1613347200,4.94,87,2.06,0,0
1613350800,4.6,87,2.06,0,0
1613354400,4.15,87,2.57,0,0
1613358000,5.17,87,1.54,0,0
1613361600,4.57,93,2.06,0,0
1613365200,3.05,93,1.54,0,0
1613368800,2.83,93,2.06,0,0
1613372400,2.73,93,2.06,0,0
1613376000,4.05,93,1.03,0,0
1613379600,8.34,76,1.54,0,0
1613383200,9.59,71,1.54,0,0
1613386800,12.13,67,2.06,0,0
1613390400,13.47,58,2.06,0,0
1613394000,14.46,59,2.06,0,0
1613397600,14.91,55,3.09,0,0
1613401200,14.6,58,4.12,0,0
1613404800,14.73,63,4.12,0,0
1613408400,11.66,62,2.57,0,0
1613412000,9.84,71,2.57,0,0
1613415600,9.19,71,2.06,0,0
1613419200,8.01,76,1.54,0,0
1613422800,6.91,87,2.57,0,0
1613426400,6.18,87,1.03,0,0
1613430000,6.18,87,2.57,0,0
1613433600,5.53,87,1.54,0,0
1613437200,4.75,93,2.06,0,0
1613440800,5.06,93,2.06,0,0
1613444400,4.46,93,1.54,0,0
1613448000,4.27,93,1.03,0,0
1613451600,4.49,93,2.06,0,0
1613455200,4.28,93,2.06,0,0
1613458800,4.18,93,1.54,0,0
1613462400,5.69,93,3.09,0,0
1613466000,10.67,62,1.03,0,0
1613469600,13.23,58,0.51,0,0
1613473200,15.9,58,2.57,0,0
1613476800,17.4,52,2.06,0,0
1613480400,19.41,48,4.12,0,0
1613484000,17.16,48,8.23,0,0
1613487600,14.94,63,12.86,0,0
1613491200,14.14,67,6.17,0,0
1613494800,11.63,71,4.12,0,0
1613498400,10.52,76,3.09,0,0
1613502000,9.88,76,1.54,0,0
1613505600,8.62,76,1.54,0,0
1613509200,8.56,76,1.54,0,0
1613512800,8.22,87,1.03,0.13,0
1613516400,7.41,87,1.03,0,0
1613520000,7.69,93,2.06,0,0
1613523600,7.33,93,1.54,0,0
1613527200,7.33,87,2.06,0,0
1613530800,6.61,93,1.03,0,0
1613534400,5.89,93,1.54,0,0
1613538000,5.35,93,1.03,0,0
1613541600,4.68,93,1.54,0,0
1613545200,4.63,93,2.57,0,0
1613548800,7.83,87,2.57,0,0
1613552400,10.96,76,2.06,0,0
1613556000,12.71,62,1.03,0,0
1613559600,15.33,55,2.06,0,0
1613563200,16.44,45,2.57,0,0
1613566800,17.82,40,2.57,0,0
1613570400,17.95,40,2.06,0,0
1613574000,17.84,42,2.06,0,0
1613577600,17.91,48,1.54,0,0
1613581200,15.15,55,1.54,0,0
1613584800,13.17,67,2.06,0,0
1613588400,12.21,67,2.06,0,0
1613592000,11.53,71,3.09,0,0
1613595600,9.91,71,3.6,0,0
1613599200,9.93,71,2.57,0,0
1613602800,9.23,71,4.12,0,0
1613606400,8.92,71,2.06,0,0
1613610000,8.76,81,2.06,0,0
1613613600,8.84,71,3.09,0,0
1613617200,9.16,71,1.54,0,0
1613620800,9.4,76,2.06,0,0
1613624400,12.72,41,5.14,0,0
1613628000,12.59,36,2.57,0,0
1613631600,13.13,47,1.03,0,0
1613635200,13.73,50,1.54,0,0
1613638800,13.64,58,1.54,0,0
1613642400,16.1,30,4.63,0,0
1613646000,17.95,39,3.09,0,0
1613649600,18.86,26,4.63,0,0
1613653200,18.96,24,9.26,0,0
1613656800,18.61,32,6.17,0,0
1613660400,16.87,67,8.23,0,0
1613664000,15.35,77,8.23,0,0
1613667600,11.71,76,5.66,0,0
1613671200,10.9,82,3.09,0,0
1613674800,10.67,82,1.54,0,0
1613678400,9.94,87,2.06,0,0
1613682000,9.84,82,0.65,0,0
1613685600,9.22,87,1.03,0,0
1613689200,8.07,93,1.03,0,0
1613692800,7.42,93,2.06,0,0
1613696400,6.39,100,2.06,0,0
1613700000,6.78,100,3.09,0,0
1613703600,6.48,93,1.54,0,0
1613707200,5.66,93,0.51,0,0
1613710800,5.63,93,2.06,0,0
1613714400,5.36,93,2.06,0,0
1613718000,5.31,100,2.06,0,0
1613721600,7.72,87,3.09,0,0
1613725200,11.14,71,3.09,0,0
1613728800,12.86,58,2.06,0,0
1613732400,15.56,52,2.57,0,0
1613736000,16.87,40,2.06,0,0
1613739600,18.01,37,3.09,0,0
1613743200,18.28,49,4.12,0,0
1613746800,18.58,45,3.6,0,0
1613750400,18.51,48,4.12,0,0
1613754000,14.69,55,3.09,0,0
1613757600,13.15,67,2.06,0,0
1613761200,12.23,67,3.09,0,0
1613764800,10.87,76,3.09,0,0
1613768400,9.49,76,1.03,0,0
1613772000,9.11,82,1.54,0,0
1613775600,8.71,81,1.54,0,0
1613779200,8.1,81,3.09,0,0
1613782800,7.67,81,2.57,0,0
1613786400,6.94,81,2.57,0,0
1613790000,8.34,81,3.09,0,0
1613793600,7.34,81,3.6,0,0
1613797200,6.88,76,4.12,0,0
1613800800,6.93,71,4.63,0,0
1613804400,7.2,71,4.12,0,0
1613808000,10.59,62,4.63,0,0
1613811600,12.28,58,3.6,0,0
1613815200,13.8,51,3.6,0,0
1613818800,15.52,55,4.12,0,0
1613822400,15.86,55,3.6,0,0
1613826000,16.15,59,4.12,0,0
1613829600,16.51,59,3.6,0,0
1613833200,16.81,63,4.12,0,0
1613836800,16.27,63,3.6,0,0
1613840400,14.82,63,3.6,0,0
1613844000,12.99,67,2.06,0,0
1613847600,11.23,76,3.09,0,0
1613851200,10.52,71,2.06,0,0
1613854800,10.04,76,1.03,0,0
1613858400,9.57,87,1.54,0,0
1613862000,10.89,76,1.54,0,0
1613865600,9.76,81,2.57,0,0
1613869200,12.48,71,1.03,0,0
1613872800,10.16,71,1.54,0,0
1613876400,9.43,76,3.09,0,0
1613880000,9.52,71,2.57,0,0
1613883600,9.31,71,2.57,0,0
1613887200,8.89,76,2.06,0,0
1613890800,8.59,76,1.54,0,0
1613894400,9.07,76,3.6,0,0
1613898000,10.4,71,3.6,0,0
1613901600,10.96,66,1.54,0,0
1613905200,12.55,62,5.14,0,0
1613908800,14.74,51,7.2,0,0
1613912400,15.43,51,6.69,0,0
1613916000,16,51,3.6,0,0
1613919600,15.87,55,5.66,0,0
1613923200,15.61,59,1.54,0,0
1613926800,14.09,63,2.57,0,0
1613930400,12.6,67,1.54,0,0
1613934000,12,71,2.06,0,0
1613937600,10.64,76,0.51,0,0
1613941200,10.56,76,2.57,0,0
1613944800,10.64,76,1.54,0,0
1613948400,10.02,82,4.12,0,0
1613952000,9.63,93,3.6,0,0
1613955600,9.38,93,5.66,0,0
1613959200,9.21,93,5.14,0.4,0
1613962800,8.76,93,4.63,0.4,0
1613966400,8.49,93,3.6,0.4,0
1613970000,8.14,93,4.12,0,0
1613973600,8.1,93,3.6,0.33,0
1613973600,8.1,93,3.6,0.33,0
1613977200,8.14,93,4.63,0.33,0
1613980800,8.11,93,3.09,0.25,0
1613984400,8.37,87,3.09,0.25,0
1613988000,9.59,87,3.6,0,0
1613991600,9.86,81,5.66,0,0
1613995200,9.78,81,4.12,0,0
1613998800,9.27,93,5.14,0.33,0
1613998800,9.27,93,5.14,0.33,0
1614002400,8.33,93,4.63,0,0
1614006000,8.96,93,5.66,0,0
1614009600,9.04,93,3.6,0,0
1614013200,8.2,93,4.12,0,0
1614016800,7.82,93,2.57,0,0
1614020400,7.8,93,2.06,0,0
1614024000,7.46,93,2.57,0,0
1614027600,6.72,100,1.54,0,0
1614031200,6.02,100,1.03,0,0
1614034800,6.29,93,2.57,0,0
1614038400,6.19,100,3.09,0,0
1614042000,6.61,93,2.57,0,0
1614045600,6.24,93,3.09,0,0
1614049200,6.22,93,2.06,0,0
1614052800,5.13,93,2.06,0,0
1614056400,3.97,93,2.06,0,0
1614060000,4,100,1.54,0,0
1614063600,3.57,100,1.03,0,0
1614067200,7.07,100,1.03,0,0
1614070800,8.88,87,2.06,0,0
1614074400,10.95,76,2.06,0,0
1614078000,13.77,72,1.54,0,0
1614081600,14.92,63,2.06,0,0
1614085200,15.4,55,1.03,0,0
1614088800,16.11,52,2.57,0,0
1614092400,16.52,52,2.06,0,0
1614096000,16.62,55,2.57,0,0
1614099600,13.51,59,1.54,0,0
1614103200,11.99,67,1.54,0,0
1614106800,9.93,82,1.54,0,0
1614110400,8.6,93,2.06,0,0
1614114000,8.3,93,1.03,0,0
1614117600,7.89,87,1.54,0,0
1614121200,7.73,93,2.06,0,0
1614124800,7.74,93,2.57,0,0
1614128400,7.41,87,3.09,0,0
1614132000,7.35,87,2.06,0,0
1614135600,6.68,93,1.03,0,0
1614139200,6.31,93,1.03,0,0
1614142800,7.33,93,2.06,0,0
1614146400,6.8,93,2.06,0,0
1614150000,5.16,100,1.03,0,0
1614153600,9.35,93,1.03,0,0
1614157200,10.76,93,1.03,0,0
1614160800,12.86,72,1.54,0,0
1614164400,15.36,67,1.03,0,0
1614168000,16.92,63,1.54,0,0
1614171600,18.22,52,3.09,0,0
1614175200,18.7,49,2.57,0,0
1614178800,19.1,46,3.6,0,0
1614182400,19.4,49,3.09,0,0
1614186000,16,59,2.06,0,0
1614189600,14.43,63,2.06,0,0
1614193200,11.7,82,2.06,0,0
1614196800,10.49,82,2.06,0,0
1614200400,9.05,87,2.57,0,0
1614204000,8.02,93,2.06,0,0
1614207600,8.17,87,2.57,0,0
1614211200,7.78,100,1.54,0,0
1614214800,7.37,93,1.03,0,0
1614218400,6.32,93,1.03,0,0
1614222000,6.04,93,1.54,0,0
1614225600,6,93,2.06,0,0
1614229200,6.09,81,0.51,0,0
1614232800,5.1,87,1.54,0,0
1614236400,5.13,93,1.54,0,0
1614240000,7.47,93,2.06,0,0
1614243600,10.65,76,1.54,0,0
1614247200,12.46,62,1.03,0,0
1614250800,14.5,72,1.54,0,0
1614254400,15.16,72,2.57,0,0
1614258000,15.75,63,3.6,0,0
1614261600,16.29,67,4.12,0,0
1614265200,16.69,59,3.6,0,0
1614268800,16.7,59,3.09,0,0
1614272400,13.95,63,1.54,0,0
1614276000,11.47,72,1.54,0,0
1614279600,11.09,76,3.09,0,0
1614283200,9.43,82,2.57,0,0
1614286800,8.68,87,1.54,0,0
1614290400,9.35,87,1.03,0,0
1614294000,7.63,93,0.51,0,0
1614297600,6.91,93,0.9,0,0
1614301200,6.91,100,1.03,0,0
1614304800,6.77,100,0.51,0,0
1614308400,6.82,100,1.18,0,0
1614312000,6.85,100,1.03,0,0
1614315600,7.13,93,1.54,0,0
1614319200,6.77,93,0.51,0,0
1614322800,6.49,93,0.51,0,0
1614326400,8.46,93,0.51,0,0
1614330000,9.48,87,1.03,0,0
1614333600,10.64,87,1.03,0,0
1614337200,11.81,82,1.03,0,0
1614340800,12.47,82,2.06,0,0
1614344400,13.3,76,1.54,0,0
1614348000,13.33,76,1.54,0,0
1614351600,13.66,76,2.06,0,0
1614355200,13.56,76,3.09,0,0
1614358800,10.55,82,3.6,0,0
1614362400,9.39,87,1.54,0,0
1614366000,9.44,87,1.54,0,0
1614369600,8.79,87,1.03,0,0
1614373200,8.34,93,1.03,0,0
1614376800,8.39,93,1.54,0,0
1614380400,7.77,100,1.54,0,0
1614384000,8.09,93,0.58,0,0
1614387600,8.16,93,1.03,0,0
1614391200,7.83,93,1.03,0,0
1614394800,7.72,93,1.54,0,0
1614398400,7.51,93,2.06,0,0
1614402000,7.12,93,1.03,0,0
1614405600,7,93,1.54,0,0
1614409200,6.73,93,3.09,0,0
1614412800,7.57,87,2.57,0,0
1614416400,7.92,81,2.57,0,0
1614420000,6.76,100,3.6,0,0
1614423600,10.81,66,2.06,0,0
1614427200,11.35,71,1.54,0,0
1614430800,12.23,67,1.54,0,0
1614434400,12.61,58,2.57,0,0
1614438000,12.1,62,3.09,0,0
1614441600,11.64,58,2.57,0,0
1614445200,10.11,58,3.09,0,0
1614448800,8.6,66,1.03,0,0
1614452400,7.89,76,1.35,0,0
1614456000,6.33,87,1.03,0,0
1614459600,6.27,87,2.06,0,0
1614463200,6.08,81,2.06,0,0
1614466800,5.06,87,1.03,0,0
1614470400,4.2,93,1.12,0,0
1614474000,3.87,100,1.54,0,0
1614477600,3.47,93,1.54,0,0
1614481200,2.73,100,1.03,0,0
1614484800,2.43,100,1.54,0,0
1614488400,2.64,93,1.03,0,0
1614492000,2.61,93,1.54,0,0
1614495600,2.32,93,1.54,0,0
1614499200,4.67,100,0.51,0,0
1614502800,7.49,93,1.03,0,0
1614506400,9.16,76,0.77,0,0
1614510000,10.97,71,1.54,0,0
1614513600,11.86,62,3.09,0,0
1614517200,12.57,62,3.09,0,0
1614520800,13.41,58,3.09,0,0
1614524400,12.85,58,3.6,0,0
1614528000,13.35,55,4.12,0,0
1614531600,11.48,58,2.57,0,0
1614535200,9.91,66,2.06,0,0
1614538800,8.93,76,1.54,0,0
1614542400,8.35,76,2.57,0,0
1614546000,7.32,81,3.6,0,0
1614549600,6.99,81,2.06,0,0
1614553200,6.53,81,2.06,0,0
1614556800,5.01,93,1.03,0,0
1614560400,4.3,93,1.54,0,0
1614564000,3.91,93,1.03,0,0
1614567600,3.86,100,2.06,0,0
1614571200,3.12,93,1.54,0,0
1614574800,2.66,100,1.03,0,0
1614578400,3.4,93,2.06,0,0
1614582000,3.38,93,2.57,0,0
1614585600,6.44,93,1.03,0,0
1614589200,10.02,87,1.03,0,0
1614592800,11.87,71,1.03,0,0
1614596400,13.67,62,2.57,0,0
1614600000,14.2,63,1.54,0,0
1614603600,14.81,58,2.06,0,0
1614607200,15.36,55,1.54,0,0
1614610800,15.02,63,1.54,0,0
1614614400,15.36,58,2.06,0,0
1614618000,12.98,55,1.03,0,0
1614621600,11.76,62,1.28,0,0
1614625200,10.04,76,1.54,0,0
1614628800,8.23,81,1.54,0,0
1614632400,7.51,87,1.03,0,0
1614636000,7.51,87,1.54,0,0
1614639600,7.38,93,2.06,0,0
1614643200,7.75,87,1.54,0,0
1614646800,7.38,87,0.51,0,0
1614650400,6.67,100,1.54,0,0
1614654000,7.37,87,2.06,0,0
1614657600,7.07,87,2.57,0,0
1614661200,7.26,87,1.03,0,0
1614664800,7.23,87,2.06,0,0
1614668400,7.26,87,1.03,0,0
1614672000,10.26,81,1.54,0,0
1614675600,11.42,81,1.03,0,0
1614679200,12.84,76,1.54,0,0
1614682800,14.92,77,1.72,0,0
1614686400,15.32,67,2.57,0,0
1614690000,15.9,67,2.06,0,0
1614693600,16.26,59,2.57,0,0
1614697200,16.78,59,3.09,0,0
1614700800,17.04,63,2.57,0,0
1614704400,14.34,67,2.57,0,0
1614708000,12.85,72,1.54,0,0
1614711600,11.32,76,1.03,0,0
1614715200,9.8,82,1.54,0,0
1614718800,9.05,87,1.54,0,0
1614722400,8.37,87,1.54,0,0
1614726000,8.11,93,1.54,0,0
1614729600,8.47,87,1.54,0,0
1614733200,8.19,93,2.06,0,0
1614736800,8.01,93,1.03,0,0
1614740400,7.58,93,0.51,0,0
1614744000,7.21,93,1.03,0,0
1614747600,7.47,93,1.03,0,0
1614751200,7.42,93,1.03,0,0
1614754800,7.07,93,1.03,0,0
1614758400,8.96,93,1.03,0,0
1614762000,10.77,93,1.03,0,0
1614765600,12.26,94,1.36,0,0
1614769200,14.69,63,2.57,0,0
1614772800,15.37,63,3.09,0,0
1614776400,16.17,55,3.6,0,0
1614780000,16.16,55,3.09,0,0
1614783600,16.01,51,3.09,0,0
1614787200,15.87,59,3.09,0,0
1614790800,14.32,67,2.06,0,0
1614794400,12.67,62,1.54,0,0
1614798000,10.92,71,0.51,0,0
1614801600,8.75,81,1.03,0,0
1614805200,8.03,87,1.54,0,0
1614808800,7.71,87,1.03,0,0
1614812400,7.81,87,2.06,0,0
1614816000,7.78,87,2.06,0,0
1614819600,7.01,93,1.54,0,0
1614823200,6.85,93,2.57,0,0
1614826800,7.15,93,1.54,0,0
1614830400,6.53,87,1.54,0,0
1614834000,6.34,87,2.57,0,0
1614837600,5.93,93,1.54,0,0
1614841200,5.62,93,1.03,0,0
1614844800,9.32,100,1.03,0,0
1614848400,11.57,82,1.54,0,0
1614852000,13.74,67,1.03,0,0
1614855600,15.46,59,2.06,0,0
1614859200,16.09,55,2.57,0,0
1614862800,16.15,55,3.09,0,0
1614866400,16.78,55,3.09,0,0
1614870000,17.04,55,2.57,0,0
1614873600,17.59,52,2.06,0,0
1614877200,14.97,59,1.54,0,0
1614880800,13.25,59,1.54,0,0
1614884400,13.41,63,0.51,0,0
1614888000,12.26,72,1.03,0,0
1614891600,11.8,67,1.54,0,0
1614895200,11.47,71,2.06,0,0
1614898800,10.33,76,1.54,0,0
1614902400,9.61,76,0.86,0,0
1614906000,9.52,82,1.03,0,0
1614909600,8.23,87,0.51,0,0
1614913200,8.07,87,1.54,0,0
1614916800,8.05,87,1.54,0,0
1614920400,6.57,93,1.03,0,0
1614924000,6.8,93,1.54,0,0
1614927600,7.17,100,2.06,0,0
1614931200,8.93,93,1.54,0,0
1614934800,10.12,100,2.06,0,0
1614938400,10.99,100,2.06,0,0
1614942000,12.13,93,2.06,0,0
1614945600,12.65,87,1.54,0,0
1614949200,13.34,82,1.54,0,0
1614952800,14.07,77,2.06,0,0
1614956400,14.59,72,3.09,0,0
1614960000,13.52,67,2.57,0,0
1614963600,12.38,72,2.57,0,0
1614967200,11.39,76,3.6,0,0
1614970800,10.48,82,5.14,0,0
1614974400,9.25,81,5.14,0,0
1614978000,8.52,87,4.12,0,0
1614981600,8.61,87,3.09,0,0
1614985200,7.7,81,3.6,0,0
1614988800,6.9,87,2.57,0,0
1614992400,6.98,81,3.09,0,0
1614996000,6.38,87,3.09,0,0
1614999600,6.29,87,3.09,0,0
1615003200,5.67,87,3.6,0,0
1615006800,5.39,87,2.06,0,0
1615010400,4.61,93,1.54,0,0
1615014000,4.68,93,1.54,0,0
1615017600,5.91,93,0.51,0,0
1615021200,6.98,81,3.09,0,0
1615024800,8.25,76,2.06,0,0
1615028400,8.9,71,2.06,0,0
1615032000,9.64,71,1.54,0,0
1615035600,9.66,71,2.06,0,0
1615039200,9.82,71,3.09,0,0
1615042800,9.87,71,3.09,0,0
1615046400,8.17,76,2.57,0,0
1615050000,7.99,76,2.06,0,0
1615053600,7.59,76,1.54,0,0
1615057200,7.27,81,1.54,0,0
1615060800,7.13,76,1.03,0,0
1615064400,6.31,87,1.03,0,0
1615068000,6.41,87,0.51,0,0
1615071600,6.44,87,1.54,0,0
1615075200,6.35,81,2.06,0,0
1615078800,6.44,81,1.54,0,0
1615082400,6.36,81,1.03,0,0
1615086000,5.87,87,1.54,0,0
1615089600,5.96,87,1.54,0,0
1615093200,5.74,87,1.03,0,0
1615096800,5.63,87,2.06,0,0
1615100400,5.43,93,0.51,0,0
1615104000,7.31,81,1.54,0,0
1615107600,7.68,81,1.03,0,0
1615111200,9.11,76,2.06,0,0
1615114800,10.01,71,3.09,0,0
1615118400,11.12,66,2.06,0,0
1615122000,11.06,66,2.57,0,0
1615125600,9.71,76,2.57,0,0
1615129200,9.94,76,3.6,0,0
1615132800,10.03,76,2.57,0,0
1615136400,9.25,76,3.09,0,0
1615140000,8.76,81,2.57,0,0
1615143600,8.54,81,2.06,0,0
1615147200,7.91,87,2.06,0,0
1615150800,7.51,87,2.06,0,0
1615154400,7.59,87,3.09,0,0
1615158000,6.77,93,1.54,0,0
1615161600,6.7,93,3.6,0,0
1615165200,6.77,93,2.06,0,0
1615168800,6.64,93,3.09,0.56,0
1615172400,6.18,100,2.06,0,0
1615176000,6.25,100,2.57,0.56,0
1615176000,6.25,100,2.57,0.56,0
1615179600,6.15,100,2.06,0.33,0
1615179600,6.15,100,2.06,0.33,0
1615183200,6.08,93,2.57,0.33,0
1615183200,6.08,93,2.57,0.33,0
1615186800,6.15,93,3.09,0.33,0
1615186800,6.15,93,3.09,0.33,0
1615190400,6.21,100,2.57,0.38,0
1615190400,6.21,100,2.57,0.38,0
1615194000,6.14,100,2.06,0.38,0
1615194000,6.14,100,2.06,0.38,0
1615197600,6.21,100,2.06,0.38,0
1615197600,6.21,100,2.06,0.38,0
1615201200,6.46,100,3.09,0.33,0
1615201200,6.46,100,3.09,0.33,0
1615204800,6.8,93,2.06,0.33,0
1615208400,6.86,93,2.57,0.33,0
1615212000,6.91,93,2.06,0.15,0
1615215600,6.86,93,2.06,0.15,0
1615219200,6.91,93,2.57,0,0
1615222800,6.35,93,2.57,0,0
1615226400,6.28,93,2.57,0.33,0
1615230000,5.95,100,2.06,0,0
1615233600,5.88,100,1.54,0,0
1615237200,5.82,100,1.54,0,0
1615240800,5.88,100,1.54,0.08,0
1615244400,5.81,100,2.06,0,0
1615248000,5.74,100,3.09,0,0
1615251600,5.81,100,2.57,0,0
1615255200,5.62,100,2.57,0,0
1615258800,5.54,100,2.06,0,0
1615262400,5.62,93,2.57,0,0
1615266000,5.47,100,2.06,0,0
1615266000,5.47,100,2.06,0,0
1615269600,5.37,93,3.09,0,0
1615273200,5.07,93,1.54,0,0
1615276800,5.21,93,2.06,0,0
1615280400,5.52,87,2.06,0,0
1615284000,5.6,87,1.54,0,0
1615287600,7.59,81,1.54,0,0
1615291200,6.76,81,2.57,0,0
1615294800,7.95,81,3.09,0,0
1615298400,8.44,71,2.57,0,0
1615302000,7.22,71,2.06,0,0
1615305600,7.29,71,2.06,0,0
1615309200,6.1,76,1.54,0,0
1615312800,6.01,76,1.03,0,0
1615316400,5.38,81,1.54,0,0
1615320000,5.27,76,2.06,0,0
1615323600,4.47,75,2.06,0,0
1615327200,3.76,87,1.54,0,0
1615330800,2.59,87,0.51,0,0
1615334400,2.51,87,0.79,0,0
1615338000,1.95,93,1.54,0,0
1615341600,0.93,93,1.03,0,0
1615345200,0.49,100,0.51,0,0
1615348800,0.22,93,1.54,0,0
1615352400,0.23,100,1.03,0,0
1615356000,-0.1,93,2.06,0,0
1615359600,-0.09,100,1.03,0,0
1615363200,3.98,93,1.54,0,0
1615366800,7.26,76,2.57,0,0
1615370400,8.54,62,2.57,0,0
1615374000,10.41,58,1.54,0,0
1615377600,11.68,54,1.54,0,0
1615381200,12.41,50,3.09,0,0
1615384800,13.81,44,2.57,0,0
1615388400,14.31,44,4.63,0,0
1615392000,14.89,47,5.66,0,0
1615395600,12.59,41,2.57,0,0
1615399200,10.65,44,3.09,0,0
1615402800,9.45,50,1.18,0,0
1615406400,9.19,54,2.05,0,0
1615410000,8.72,62,0.51,0,0
1615413600,9.19,58,1.54,0,0
1615417200,10.09,71,1.54,0,0
1615420800,9.74,66,2.06,0,0
1615424400,9.69,71,1.03,0,0
1615428000,9.56,76,1.03,0,0
1615431600,9.56,71,1.03,0,0
1615435200,9.24,71,3.6,0,0
1615438800,8.23,76,2.06,0,0
1615442400,7.55,81,3.09,0,0
1615446000,7.91,76,2.57,0,0
1615449600,12.06,66,2.57,0,0
1615453200,14.43,55,3.09,0,0
1615456800,15.59,51,2.06,0,0
1615460400,16.97,52,3.6,0,0
1615464000,17.3,48,3.6,0,0
1615467600,18.01,48,2.57,0,0
1615471200,18.48,45,5.66,0,0
1615474800,17.91,49,5.66,0,0
1615478400,16.86,63,8.75,0,0
1615482000,11.7,94,8.75,0.33,0
1615485600,10.28,93,5.66,0,0
1615489200,10.02,93,3.09,0.33,0
1615492800,9.19,93,5.14,0.1,0
1615492800,9.19,93,5.14,0.1,0
1615496400,8.81,93,1.03,0,0
1615500000,8.87,87,2.57,0,0
1615503600,8.7,81,3.09,0,0
1615507200,8.25,87,1.54,0.33,0
1615510800,8.31,87,1.03,0,0
1615514400,8.16,87,0.51,0,0
1615518000,8.08,93,2.57,0.19,0
1615521600,7.44,100,3.6,0,0
1615525200,6.88,93,2.57,0,0
1615528800,6.83,93,2.57,0,0
1615532400,6.88,93,2.06,0.33,0
1615536000,7.31,93,4.12,0.27,0
1615539600,8.68,87,3.6,0,0
1615543200,9.09,81,4.12,0,0
1615546800,10.25,81,4.63,0,0
1615550400,10.04,76,5.66,0,0
1615554000,10.98,82,5.14,0,0
1615557600,10.97,71,8.75,0,0
1615561200,10.52,76,5.14,0,0
1615564800,9.73,82,4.12,0,0
1615568400,8.52,66,6.17,0,0
1615572000,7.3,76,4.12,0,0
1615575600,6.69,81,2.57,0,0
1615579200,5.87,81,2.57,0,0
1615582800,5.77,81,2.57,0,0
1615586400,4.92,81,1.54,0,0
1615590000,3.74,87,2.06,0,0
1615593600,3.33,93,1.54,0,0
1615597200,3.34,87,1.54,0,0
1615600800,3.35,87,2.06,0,0
1615604400,3.02,93,2.57,0,0
1615608000,3.03,87,3.09,0,0
1615611600,2.89,87,2.57,0,0
1615615200,3.26,81,1.54,0,0
1615618800,3.6,87,2.06,0,0
1615622400,8.39,87,1.03,0,0
1615626000,10.1,62,4.63,0,0
1615629600,11.66,54,8.75,0,0
1615633200,13.02,47,8.23,0,0
1615636800,13.54,47,7.72,0,0
1615640400,14.03,47,8.75,0,0
1615644000,14.12,44,9.26,0,0
1615647600,13.83,47,11.83,0,0
1615651200,12.6,54,10.8,0,0
1615654800,10,66,8.75,0,0
1615658400,9.57,71,6.69,0,0
1615662000,9.36,71,6.17,0,0
1615665600,9.19,71,5.66,0,0
1615669200,9.07,76,5.66,0,0
1615672800,8.48,87,6.69,0,0
1615676400,8.77,87,5.14,0.33,0
1615680000,8.35,87,7.2,0.33,0
1615683600,7.73,93,4.63,0,0
1615687200,7.67,93,4.63,0,0
1615690800,7.59,93,5.66,0.44,0
1615694400,6.96,93,4.63,0,0
1615698000,7.5,93,6.69,0.33,0
1615698000,7.5,93,6.69,0.33,0
1615701600,6.72,87,4.12,0,0
1615705200,6.78,93,3.6,0,0
1615708800,8.43,87,4.12,0,0
1615712400,8.59,87,4.63,0,0
1615716000,9.12,87,5.14,0,0
1615719600,9.49,81,4.12,0,0
1615723200,9.82,71,4.63,0,0
1615726800,9.99,76,6.69,0.33,0
1615730400,9.54,76,5.14,0,0
1615734000,8.98,87,2.06,0,0
1615737600,7.71,87,4.63,0,0
1615741200,7.74,76,5.14,0,0
1615744800,6.54,81,5.14,0,0
1615748400,5.91,87,2.57,0,0
1615752000,5.46,93,2.57,0,0
1615755600,5.37,93,2.57,0,0
1615759200,5.46,87,2.06,0,0
1615762800,5.34,93,2.57,0,0
1615766400,4.85,93,2.57,0,0
1615770000,4.95,93,2.06,0,0
1615773600,4.65,100,1.54,0,0
1615777200,4.95,93,1.54,0,0
1615780800,5.05,93,2.57,0,0
1615784400,5.09,93,2.06,0,0
1615788000,5,93,1.54,0,0
1615791600,5.09,93,2.57,0,0
1615795200,7,87,3.09,0,0
1615798800,8.28,87,3.6,0,0
1615802400,8.92,87,3.09,0.04,0
1615806000,10.09,87,3.09,0,0
1615809600,9.69,93,5.14,0.33,0
1615813200,10.35,87,6.17,0.33,0
1615816800,10.75,93,3.6,0,0
1615820400,10.27,93,4.12,0.13,0
1615824000,9.97,93,3.09,0,0
1615827600,8.83,82,4.12,0,0
1615831200,8.33,81,4.63,0,0
1615834800,8.43,87,3.6,0,0
1615838400,7.91,87,3.09,0,0
1615842000,7.8,87,3.09,0.08,0
1615845600,7.51,87,2.57,0,0
1615849200,7.12,93,1.03,0,0
1615852800,6.73,93,1.03,0,0
1615856400,7.12,93,1.03,0,0
1615860000,6.42,100,2.06,0,0
1615863600,6.32,93,0.81,0,0
1615867200,6.42,93,1.03,0,0
1615870800,6,93,0.51,0,0
1615874400,5.21,93,0.51,0,0
1615878000,5.61,100,1.03,0,0
1615881600,7.88,100,1.03,0,0
1615885200,9.83,87,1.54,0,0
1615888800,10.67,82,2.06,0,0
1615892400,11.69,66,2.57,0,0
1615896000,12.01,62,3.09,0,0
1615899600,12.81,54,3.09,0,0
1615903200,12.67,62,3.6,0,0
1615906800,12.81,62,2.06,0,0
1615910400,12.92,62,3.09,0,0
1615914000,12.06,67,3.09,0,0
1615917600,9.62,76,3.6,0,0
1615921200,8.7,82,3.09,0,0
1615924800,7.53,87,2.57,0,0
1615928400,7.13,93,2.57,0,0
1615932000,7.53,93,2.57,0,0
1615935600,8.27,87,2.57,0,0
1615939200,7.77,93,2.57,0,0
1615942800,8.27,93,2.57,0,0
1615946400,8.41,93,2.57,0.33,0
1615950000,7.62,100,2.57,0,0
1615953600,8.09,93,2.57,0.33,0
1615957200,8.23,93,3.09,0,0
1615960800,8.46,100,3.09,0,0
1615960800,8.46,100,3.09,0,0
1615964400,8.55,100,2.57,0,0
1615964400,8.55,100,2.57,0,0
1615968000,8.94,100,4.12,0,0
1615971600,10.04,93,4.12,0,0
1615975200,11.18,71,3.09,0,0
1615978800,12.47,58,3.6,0,0
1615982400,13.06,58,5.14,0,0
1615986000,13.41,51,4.63,0,0
1615989600,13.92,44,5.14,0,0
1615993200,13.41,41,5.66,0,0
1615996800,13.45,41,5.14,0,0
1616000400,10.82,44,5.14,0,0
1616004000,9.16,54,4.63,0,0
1616007600,8.35,58,3.09,0,0
1616011200,7.64,66,3.09,0,0
1616014800,7.51,62,3.6,0,0
1616018400,7.24,71,3.09,0,0
1616022000,6.14,76,1.03,0,0
1616025600,5.33,81,1.69,0,0
1616029200,5.43,81,1.54,0,0
1616032800,4.56,93,1.03,0,0
1616036400,4.43,93,1.54,0,0
1616040000,4.63,76,2.06,0,0
1616043600,3.46,81,3.09,0,0
1616047200,2.7,81,4.12,0,0
1616050800,3.14,75,2.57,0,0
1616054400,4.94,70,4.12,0,0
1616058000,5.87,71,2.57,0,0
1616061600,7.01,66,3.09,0,0
1616065200,8.94,57,3.6,0,0
1616068800,7.9,57,3.6,0,0
1616072400,8.39,57,4.12,0,0
1616076000,8.41,50,4.12,0,0
1616079600,7.58,53,5.14,0,0
1616083200,7.37,53,3.6,0,0
1616086800,6.93,57,3.6,0,0
1616090400,6.1,61,3.09,0,0
1616094000,5.9,61,2.57,0,0
1616097600,5.09,76,2.57,0,0
1616101200,4.96,76,2.57,0,0
1616104800,4.77,70,2.57,0,0
1616108400,4.5,65,1.54,0,0
1616112000,3.98,75,1.54,0,0
1616115600,4.1,70,0.51,0,0
1616119200,3.56,81,3.09,0,0
1616122800,3.12,81,1.54,0,0
1616126400,3.24,87,2.57,0.5,0
1616130000,2.99,87,2.06,0.33,0
1616133600,2.51,93,4.12,0.33,0
1616137200,2.2,93,2.57,0.33,0
1616140800,2.45,93,2.06,0.73,0
1616144400,2.4,93,2.57,0.73,0
1616148000,2.85,93,2.57,0.73,0
1616151600,3.09,100,2.57,0.33,0
1616155200,3.74,93,2.06,0.33,0
1616158800,5.84,81,1.54,0,0
1616162400,6.79,76,1.03,0,0
1616166000,6.82,81,2.57,0,0
1616169600,4.62,81,2.06,0,0
1616173200,3.81,87,2.06,0,0
1616176800,3.44,93,1.54,0,0
1616180400,3.49,93,0.51,0,0
1616184000,3.03,93,1.54,0,0
1616187600,2.63,87,1.54,0,0
1616191200,2.72,81,1.54,0,0
1616194800,1.44,87,1.54,0,0
1616198400,1.34,87,2.06,0,0
1616202000,0.72,87,2.06,0,0
1616205600,0.04,93,1.54,0,0
1616209200,-0.42,100,2.22,0,0
1616212800,-1.07,100,1.03,0,0
1616216400,-1.44,100,0.51,0,0
1616220000,-1.82,100,1.03,0,0
1616223600,-1.44,100,0.51,0,0
1616227200,1.26,100,1.54,0,0
1616230800,3.62,81,2.57,0,0
1616234400,4.39,70,1.54,0,0
1616238000,5.44,75,1.54,0,0
1616241600,6.28,70,3.09,0,0
1616245200,6.92,66,2.06,0,0
1616248800,7.63,53,1.54,0,0
1616252400,6.82,43,2.06,0,0
1616256000,7.64,40,2.57,0,0
1616259600,6.72,40,1.54,0,0
1616263200,5.51,40,1.54,0,0
1616266800,3.61,49,2.06,0,0
1616270400,2.1,75,1.03,0,0
1616274000,2.31,70,1.03,0,0
1616277600,1.62,87,1.54,0,0
1616281200,0.65,86,1.54,0,0
1616284800,0.27,86,1.54,0,0
1616288400,-0.38,93,1.03,0,0
1616292000,-1.27,93,1.03,0,0
1616295600,-1.3,93,1.03,0,0
1616299200,-1.27,93,1.54,0,0
1616302800,-1.78,93,1.03,0,0
1616306400,-1.79,100,1.03,0,0
1616310000,-0.34,93,1.54,0,0
1616313600,3.21,81,1.03,0,0
1616317200,5.33,75,2.57,0,0
1616320800,6.72,66,3.09,0,0
1616324400,8.32,57,4.63,0,0
1616328000,9.39,53,4.63,0,0
1616331600,10.08,54,4.63,0,0
1616335200,10.9,47,4.63,0,0
1616338800,9.86,46,3.6,0,0
1616342400,9.94,54,4.12,0,0
1616346000,7.94,57,5.66,0,0
1616349600,7.11,66,5.14,0,0
1616353200,7.22,66,5.66,0,0
1616356800,6.16,71,3.6,0,0
1616360400,6.04,76,2.57,0,0
1616364000,5.77,81,2.06,0,0
1616367600,5.4,81,1.03,0,0
1616371200,5.3,81,1.03,0,0
1616374800,5.4,81,1.54,0,0
1616378400,4.29,93,0.51,0,0
1616382000,3.89,93,1.03,0,0
1616385600,4.37,87,0.76,0,0
1616389200,3.26,93,0.51,0,0
1616392800,2.38,100,2.06,0,0
1616396400,2.86,93,1.03,0,0
1616400000,5.85,93,1.03,0,0
1616403600,8.36,81,1.54,0,0
1616407200,9.7,66,1.03,0,0
1616410800,11.08,62,2.06,0,0
1616414400,11.28,62,2.06,0,0
1616418000,12.53,54,3.6,0,0
1616421600,13.07,50,3.09,0,0
1616425200,13.23,54,2.06,0,0
1616428800,12.85,54,2.06,0,0
1616432400,11.02,54,2.06,0,0
1616436000,9.29,62,4.12,0,0
1616439600,7.36,71,4.12,0,0
1616443200,5.41,76,2.57,0,0
1616446800,4.61,76,3.09,0,0
1616450400,4.61,81,1.54,0,0
1616454000,3.62,81,2.57,0,0
1616457600,3.45,87,0.98,0,0
1616461200,2.5,87,1.54,0,0
1616464800,2.03,93,1.54,0,0
1616468400,1.6,93,1.54,0,0
1616472000,1.63,100,1.54,0,0
1616475600,0.94,100,2.06,0,0
1616479200,1.23,93,0.51,0,0
1616482800,1.26,100,0.51,0,0
1616486400,6.01,100,0.51,0,0
1616490000,7.75,93,2.06,0,0
1616493600,9.4,87,1.54,0,0
1616497200,11.51,76,1.54,0,0
1616500800,12.17,58,1.54,0,0
1616504400,13.74,51,2.06,0,0
1616508000,14.48,55,2.06,0,0
1616511600,15.3,41,2.06,0,0
1616515200,14.94,41,1.54,0,0
1616518800,12.79,39,2.57,0,0
1616522400,11.21,44,2.06,0,0
1616526000,9.85,54,1.03,0,0
1616529600,6.8,61,1.54,0,0
1616533200,6.03,71,1.54,0,0
1616536800,5.44,66,1.03,0,0
1616540400,4.08,87,0.51,0,0
1616544000,4,87,1.03,0,0
1616547600,3.68,87,1.54,0,0
1616551200,3.45,87,3.09,0,0
1616554800,2.75,93,2.06,0,0
1616558400,2.41,93,1.03,0,0
1616562000,2.56,87,2.06,0,0
1616565600,2.88,93,2.06,0,0
1616569200,4.39,81,1.54,0,0
1616572800,10.24,66,1.54,0,0
1616576400,11.69,62,2.06,0,0
1616580000,12.69,58,2.06,0,0
1616583600,14.52,51,1.03,0,0
1616587200,15.17,44,1.03,0,0
1616590800,15.8,34,1.54,0,0
1616594400,16.73,39,2.06,0,0
1616598000,17.09,39,2.57,0,0
1616601600,16.74,45,2.06,0,0
1616605200,14,63,6.69,0,0
1616608800,11.81,67,5.66,0,0
1616612400,10.11,81,4.12,0,0
1616616000,8.11,87,3.6,0,0
1616619600,7.69,87,2.06,0,0
1616623200,8.19,87,2.06,0,0
1616626800,7.89,87,2.57,0,0
1616630400,7.75,87,1.54,0,0
1616634000,7.89,87,2.06,0,0
1616637600,8.08,87,1.54,0,0
1616641200,7.95,87,1.54,0,0
1616644800,7.68,87,1.05,0,0
1616648400,7.83,93,1.03,0,0
1616652000,8.11,87,1.54,0,0
1616655600,8.23,87,0.86,0,0
1616659200,9.46,87,1.54,0,0
1616662800,10.48,71,1.54,0,0
1616666400,10.97,62,2.06,0,0
1616670000,13.38,58,1.03,0,0
1616673600,14.58,55,2.57,0,0
1616677200,14.72,58,1.03,0,0
1616680800,15.52,51,2.06,0,0
1616684400,15,55,2.06,0,0
1616688000,14.99,55,3.09,0,0
1616691600,13.42,58,3.6,0,0
1616695200,12.37,62,3.6,0,0
1616698800,11.47,62,2.06,0,0
1616702400,9.44,71,1.03,0,0
1616706000,8.34,71,1.03,0,0
1616709600,7.37,81,1.54,0,0
1616713200,7.7,76,2.06,0,0
1616716800,7.4,87,1.03,0,0
1616720400,6.9,87,1.02,0,0
1616724000,5.56,93,1.25,0,0
1616727600,5.28,93,2.06,0,0
1616731200,4.79,93,1.54,0,0
1616734800,4.0,93,1.18,0,0
1616738400,4.79,93,0.51,0,0
1616742000,5.36,100,0.79,0,0
1616745600,6.0,93,1.03,0,0
1616749200,9.0,81,1.26,0,0
1616752800,13.32,76,0.51,0,0
1616756400,15.92,62,1.03,0,0
1616760000,16.62,55,2.06,0,0
1616763600,17.47,55,1.54,0,0
1616767200,19.22,45,2.06,0,0
1616770800,15.49,59,8.75,0,0
1616774400,12.89,67,9.26,0,0
1616778000,11.83,66,5.66,0,0
1616781600,11.06,76,5.66,0,0
1616785200,10.28,76,6.69,0,0
1616788800,9.0,71,2.57,0,0
1616792400,9.0,71,3.09,0,0
1616796000,9.0,71,0.51,0,0
1616799600,9.0,76,2.06,0,0
1616803200,9.22,76,2.06,0,0
1616806800,8.73,81,3.09,0,0
1616810400,8.45,76,3.6,0,0
1616814000,7.68,81,3.09,0,0
1616817600,7.89,71,2.57,0,0
1616821200,6.06,75,3.09,0,0
1616824800,5.56,81,3.6,0,0
1616828400,6.69,81,1.54,0,0
1616832000,8.73,71,2.06,0,0
1616835600,9.72,62,3.09,0,0
1616839200,11.9,58,3.6,0,0
1616842800,12.68,54,3.09,0,0
1616846400,14.3,47,2.57,0,0
1616850000,15.07,47,2.57,0,0
1616853600,16.41,44,3.09,0,0
1616857200,16.9,41,1.54,0,0
1616860800,17.0,42,1.03,0,0
1616864400,17.0,42,1.54,0,0
1616868000,17.0,42,1.54,0,0
1616871600,15.0,55,1.54,0,0
1616875200,12.0,62,1.54,0,0
1616878800,11.0,66,1.54,0,0
1616882400,9.51,76,2.06,0,0
1616886000,8.45,81,0.51,0,0
1616889600,6.9,81,0.51,0,0
1616893200,6.34,87,1.27,0,0
1616896800,5.28,87,1.03,0,0
1616900400,5.0,87,0.51,0,0
1616904000,4.79,93,0.51,0,0
1616907600,3.73,93,0.51,0,0
1616911200,4.03,93,0.51,0,0
1616914800,4.94,100,1.03,0,0
1616918400,9.16,81,1.51,0,0
1616922000,12.54,71,0.51,0,0
1616925600,12.0,66,1.03,0,0
1616929200,15.0,58,1.03,0,0
1616932800,18.24,51,1.54,0,0
1616936400,19.79,45,1.54,0,0
1616940000,20.0,37,3.09,0,0
1616943600,21.34,32,4.63,0,0
1616947200,21.0,32,4.12,0,0
1616950800,21.0,32,4.63,0,0
1616954400,19.0,37,3.09,0,0
1616958000,16.0,41,3.09,0,0
1616961600,14.93,39,1.54,0,0
1616965200,14.0,44,1.03,0,0
1616968800,12.0,54,0.51,0,0
1616972400,10.64,66,1.54,0,0
1616976000,9.0,66,2.06,0,0
1616979600,8.0,71,1.54,0,0
1616983200,9.02,71,1.03,0,0
1616986800,7.68,76,1.18,0,0
1616990400,6.9,81,1.03,0,0
1616994000,5.56,87,1.54,0,0
1616997600,5.08,87,1.54,0,0
1617001200,8.11,87,1.03,0,0
1617004800,10.71,76,1.03,0,0
1617008400,13.32,62,1.03,0,0
1617012000,15.64,54,1.03,0,0
1617015600,16.0,51,1.54,0,0
1617019200,18.0,45,4.63,0,0
1617022800,21.34,32,4.12,0,0
1617026400,22.6,27,6.69,0,0
1617030000,22.11,26,4.63,0,0
1617033600,21.55,28,5.14,0,0
1617037200,20.0,34,3.09,0,0
1617040800,20.0,32,3.6,0,0
1617044400,18.0,36,3.6,0,0
1617048000,17.0,39,1.54,0,0
1617051600,17.0,39,1.54,0,0
1617055200,17.0,34,1.54,0,0
1617058800,15.0,36,3.6,0,0
1617062400,14.0,38,3.09,0,0
1617066000,15.0,36,4.12,0,0
1617069600,15.0,36,4.63,0,0
1617073200,14.0,38,6.17,0,0
1617076800,13.0,41,2.06,0,0
1617080400,10.0,57,2.57,0,0
1617084000,9.0,61,1.03,0,0
1617087600,9.58,66,0.51,0,0
1617091200,11.41,66,0.51,0,0
1617094800,14.3,58,1.54,0,0
1617098400,16.49,51,3.09,0,0
1617102000,18.73,42,0.51,0,0
1617105600,20.85,34,4.12,0,0
1617109200,22.4,26,3.09,0,0
1617112800,23.17,27,4.12,0,0
1617116400,23.0,27,4.63,0,0
1617120000,22.89,27,2.06,0,0
1617123600,22.0,30,3.6,0,0
1617127200,20.0,32,2.06,0,0
1617130800,17.0,36,2.06,0,0
1617134400,16.0,41,1.54,0,0
1617138000,15.0,44,1.03,0,0
1617141600,14.0,41,1.54,0,0
1617145200,13.17,50,1.54,0,0
1617148800,12.11,54,1.03,0,0
1617152400,10.07,66,1.54,0,0
1617156000,9.3,76,0.51,0,0
1617159600,8.17,71,0.51,0,0
1617163200,7.68,76,2.06,0,0
1617166800,7.18,81,2.57,0,0
1617170400,6.63,75,0.51,0,0
1617174000,8.03,75,1.03,0,0
1617177600,11.77,76,0.51,0,0
1617181200,14.65,54,0.51,0,0
1617184800,16.69,47,1.54,0,0
1617188400,18.53,42,1.54,0,0
1617192000,20.56,34,2.57,0,0
1617195600,22.68,24,4.63,0,0
1617199200,23.0,21,3.6,0,0
1617202800,23.66,19,4.12,0,0
1617206400,23.66,19,4.12,0,0
1617210000,23.0,18,5.14,0,0
1617213600,21.0,23,3.6,0,0
1617217200,19.0,27,4.63,0,0
